Time,Accel-X (g), Accel-Y (g), Accel-Z (g)
17:05:28,0.998291,0.107422,0.557617
17:05:28,1.284912,0.073242,0.509277
17:05:28,1.385498,0.02832,0.477539
17:05:28,1.327148,-0.000488,0.587646
17:05:28,1.253906,0.004639,0.707764
17:05:28,1.304932,0.022949,0.703125
17:05:28,1.466553,0.083496,0.689209
17:05:28,1.671387,0.202148,0.720215
17:05:28,1.914795,0.416992,0.773193
17:05:28,2.147949,0.714111,0.69165
17:05:28,2.279785,0.996338,0.39502
17:05:28,2.266357,1.177979,0.061035
17:05:28,2.179688,1.19165,-0.013916
17:05:28,2.225342,0.964355,0.156982
17:05:28,2.489502,0.571045,0.143066
17:05:28,2.75293,0.198486,-0.207275
17:05:28,2.811768,-0.146484,-0.765381
17:05:28,2.745117,-0.426025,-1.233643
17:05:28,2.618896,-0.62793,-1.393066
17:05:28,2.361084,-0.550293,-1.696045
17:05:28,1.914307,-0.391846,-2.072998
17:05:28,1.900391,-0.455322,-2.21582
17:05:28,2.107422,-0.674072,-2.175781
17:05:28,2.21875,-0.858643,-1.898682
17:05:28,2.106689,-0.615234,-1.32959
17:05:28,1.748535,-0.087891,-0.194336
17:05:28,1.580322,0.697021,1.926514
17:05:28,-1.322021,-0.045898,3.050293
17:05:28,-3.30249,-0.777344,1.671387
17:05:28,-1.629883,-0.53418,1.668457
17:05:28,1.0625,-0.574707,1.942871
17:05:28,2.898926,-0.74707,0.219482
17:05:28,3.813721,-0.682617,-0.669434
17:05:28,3.77124,0.151855,-0.570068
17:05:28,3.049072,1.195801,-0.575195
17:05:28,1.988525,1.647461,-0.245117
17:05:28,0.95166,1.489258,0.227295
17:05:28,0.268799,1.293213,0.855225
17:05:28,0.003906,1.088867,1.365967
17:05:28,-0.094238,0.662354,1.051514
17:05:28,-0.056396,0.270996,0.560303
17:05:28,0.27124,0.081543,0.596191
17:05:28,0.775391,-0.025391,0.775879
17:05:28,1.189209,-0.19873,0.665283
17:05:28,1.245605,-0.404053,0.381592
17:05:28,1.141602,-0.562012,0.460693
17:05:28,0.858887,-0.632813,0.753662
17:05:28,0.532471,-0.657471,0.873047
17:05:28,0.359863,-0.58667,0.945068
17:05:28,0.35083,-0.419678,1.008789
17:05:28,0.488037,-0.209473,0.839844
17:05:28,0.66626,-0.036621,0.695801
17:05:28,0.796387,0.093018,0.625244
17:05:28,0.829102,0.196533,0.57959
17:05:28,0.774902,0.27417,0.576904
17:05:28,0.703125,0.313721,0.585205
17:05:28,0.607178,0.282471,0.659424
17:05:28,0.574707,0.202148,0.680908
17:05:28,0.595947,0.084229,0.724854
17:05:28,0.641602,-0.030273,0.736328
17:05:28,0.678955,-0.120117,0.734375
17:05:28,0.702393,-0.169434,0.736572
17:05:28,0.696533,-0.168701,0.724121
17:05:28,0.678711,-0.144531,0.717285
17:05:28,0.661133,-0.092041,0.723145
17:05:28,0.652344,-0.036133,0.699463
17:05:28,0.664063,0.011963,0.693604
17:05:28,0.675537,0.039063,0.693848
17:05:28,0.666504,0.06958,0.702393
17:05:28,0.650635,0.10791,0.711914
17:05:28,0.624023,0.074219,0.670166
17:05:28,0.612793,-0.024414,0.69458
17:05:28,0.653564,-0.138672,0.766113
17:05:28,0.679688,-0.234619,0.768555
17:05:28,0.693115,-0.277588,0.762451
17:05:28,0.705566,-0.283691,0.743896
17:05:28,0.701904,-0.279053,0.734375
17:05:28,0.679199,-0.263184,0.78418
17:05:28,0.612305,-0.242188,0.931396
17:05:28,0.52124,-0.16333,1.068604
17:05:28,0.432861,-0.09082,1.030029
17:05:28,0.32959,-0.046875,1.016113
17:05:28,0.314941,-0.074463,0.983643
17:05:28,0.281006,-0.127686,1.021729
17:05:28,0.141602,-0.051025,1.102051
17:05:28,-0.147461,0.050049,1.095703
17:05:28,-0.475098,0.061279,1.096191
17:05:28,-0.602539,0.145508,1.137207
17:05:28,2.138916,-0.236816,1.567627
17:05:28,3.112061,-0.366211,0.441895
17:05:28,3.22876,-0.239746,0.089844
17:05:28,3.206055,0.193115,1.155029
17:05:28,2.848877,0.806885,2.237793
17:05:28,2.927979,1.476074,2.396973
17:05:28,2.468994,1.69165,0.368652
17:05:28,2.998779,1.757813,0.841309
17:05:28,3.025391,1.497559,2.39209
17:05:28,1.252686,0.809326,1.25293
17:05:28,0.230713,0.458984,0.841064
17:05:28,-0.432861,0.306152,1.245117
17:05:29,-0.795654,0.22998,1.585449
17:05:29,-0.665039,0.183594,1.696533
17:05:29,0.040771,0.200928,1.389648
17:05:29,0.766357,0.325928,0.798584
17:05:29,1.250244,0.503418,0.398193
17:05:29,1.373779,0.628906,0.204102
17:05:29,1.049316,0.596924,0.138916
17:05:29,0.578857,0.461182,0.257568
17:05:29,0.27832,0.280762,0.472168
17:05:29,0.236084,0.121094,0.659668
17:05:29,0.425781,0.003906,0.733887
17:05:29,0.740967,-0.057617,0.677979
17:05:29,1.149414,-0.085449,0.631104
17:05:29,1.407715,-0.154785,0.587891
17:05:29,1.500244,-0.240723,0.65918
17:05:29,1.460205,-0.259521,0.772217
17:05:29,1.453857,-0.145508,0.833008
17:05:29,1.578369,0.063965,0.880127
17:05:29,1.748291,0.313232,0.838379
17:05:29,1.841797,0.608887,0.708984
17:05:29,1.919189,0.881348,0.703613
17:05:29,2.116699,0.933594,0.84082
17:05:29,2.515869,0.760254,0.806885
17:05:29,2.922363,0.57666,0.435547
17:05:29,3.070557,0.428223,-0.156494
17:05:29,3.054443,0.133545,-0.541016
17:05:29,3.008789,-0.287354,-0.705078
17:05:29,2.861328,-0.592773,-1.11792
17:05:29,2.703857,-0.699951,-1.710938
17:05:29,2.56543,-0.685059,-2.166992
17:05:29,2.270508,-0.560303,-2.47998
17:05:29,2.044189,-0.408936,-2.694824
17:05:29,2.120605,-0.551758,-2.507324
17:05:29,2.343018,-0.842041,-1.862061
17:05:29,2.513428,-0.75,-0.936279
17:05:29,2.114502,-0.041016,0.240479
17:05:29,1.405273,0.41748,2.551514
17:05:29,-2.293457,-0.438965,3.5354
17:05:29,-3.698975,-0.875,1.307861
17:05:29,-1.033203,-0.452393,2.221191
17:05:29,0.689453,-0.403809,1.757324
17:05:29,2.568604,-0.483643,0.366455
17:05:29,3.330566,-0.156494,-1.321045
17:05:29,4.148682,0.582275,-0.793701
17:05:29,3.150391,1.28418,-0.706055
17:05:29,1.918945,1.591309,-0.255371
17:05:29,1.006836,1.400879,0.400146
17:05:29,0.257568,1.135254,0.906738
17:05:29,-0.181885,0.93042,1.169678
17:05:29,-0.316162,0.583984,1.005127
17:05:29,-0.148438,0.314453,0.763916
17:05:29,0.349365,0.20752,0.808838
17:05:29,0.884521,0.086426,0.758789
17:05:29,1.193604,-0.083984,0.443604
17:05:29,1.327881,-0.293457,0.32666
17:05:29,1.231445,-0.490723,0.475098
17:05:29,0.873047,-0.623779,0.622559
17:05:29,0.523438,-0.702148,0.810547
17:05:29,0.330566,-0.704346,0.996826
17:05:29,0.29126,-0.612549,1.022461
17:05:29,0.427979,-0.42334,0.929688
17:05:29,0.630127,-0.242188,0.772461
17:05:29,0.748047,-0.084229,0.67749
17:05:29,0.805176,0.045166,0.61499
17:05:29,0.794434,0.157471,0.607666
17:05:29,0.759033,0.227783,0.611328
17:05:29,0.682617,0.300293,0.641357
17:05:29,0.594238,0.343506,0.640381
17:05:29,0.562988,0.331543,0.655029
17:05:29,0.574707,0.261719,0.671631
17:05:29,0.600586,0.177734,0.659424
17:05:29,0.656738,0.044189,0.637451
17:05:29,0.7229,-0.05542,0.682373
17:05:29,0.750732,-0.134521,0.658203
17:05:29,0.743164,-0.211182,0.678955
17:05:29,0.724609,-0.211182,0.759277
17:05:29,0.643799,-0.143555,0.799561
17:05:29,0.571289,-0.061768,0.803955
17:05:29,0.546631,0.018555,0.715088
17:05:29,0.60083,0.030518,0.642578
17:05:29,0.670654,-0.031006,0.686035
17:05:29,0.707031,-0.135254,0.736328
17:05:29,0.730225,-0.22583,0.719727
17:05:29,0.748291,-0.277344,0.745605
17:05:29,0.702393,-0.311279,0.820801
17:05:29,0.568115,-0.307617,0.865479
17:05:29,0.463867,-0.302002,0.940918
17:05:29,0.415283,-0.309326,1.039063
17:05:29,0.380371,-0.264893,1.089844
17:05:29,0.370361,-0.189941,1.001221
17:05:29,0.351318,-0.108398,0.860352
17:05:29,0.329102,-0.085693,0.935791
17:05:29,0.301514,-0.024414,0.998291
17:05:29,0.084229,0.10376,1.050537
17:05:29,0.063477,0.070068,1.025391
17:05:29,0.479248,-0.068604,0.956543
17:05:29,1.332764,-0.232666,1.196045
17:05:29,2.265625,-0.174561,1.469727
17:05:29,2.97876,-0.182373,0.844727
17:05:30,3.474854,-0.227539,0.994385
17:05:30,3.24292,-0.337646,2.011719
17:05:30,2.911377,0.339355,2.80249
17:05:30,2.126465,0.961426,1.38623
17:05:30,2.55835,1.48877,1.14624
17:05:30,2.939697,1.995361,2.145996
17:05:30,1.72168,1.645996,1.372803
17:05:30,0.498291,1.011475,0.730957
17:05:30,-0.196045,0.660645,1.054443
17:05:30,-0.691406,0.47168,1.337402
17:05:30,-0.694092,0.313232,1.501953
17:05:30,-0.102051,0.234131,1.455078
17:05:30,0.664307,0.262451,1.016846
17:05:30,1.299316,0.334961,0.499512
17:05:30,1.580566,0.357178,0.130859
17:05:30,1.269775,0.285156,0.013916
17:05:30,0.678955,0.199951,0.24585
17:05:30,0.241455,0.099854,0.472168
17:05:30,0.126465,-0.003418,0.609131
17:05:30,0.334229,-0.0625,0.786377
17:05:30,0.818115,-0.057373,0.848633
17:05:30,1.3479,-0.002686,0.724854
17:05:30,1.639404,0.062012,0.520508
17:05:30,1.679443,0.155518,0.502197
17:05:30,1.484619,0.257324,0.587646
17:05:30,1.342285,0.313965,0.721191
17:05:30,1.370361,0.385986,0.79541
17:05:30,1.523193,0.501221,0.776611
17:05:30,1.765381,0.636963,0.876709
17:05:30,2.053955,0.74292,0.947998
17:05:30,2.39209,0.736328,0.828857
17:05:30,2.760254,0.654297,0.671387
17:05:30,3.000488,0.561768,0.363281
17:05:30,3.07251,0.493408,-0.014648
17:05:30,2.970215,0.307373,-0.42627
17:05:30,2.816162,-0.02002,-0.665771
17:05:30,2.715088,-0.353027,-0.829102
17:05:30,2.621582,-0.492432,-1.187256
17:05:30,2.379883,-0.279297,-1.72998
17:05:30,2.061768,0.068848,-2.340332
17:05:30,2.033691,0.135498,-2.926025
17:05:30,2.310547,-0.173584,-3.050049
17:05:30,2.727295,-0.634033,-2.44873
17:05:30,2.910156,-0.994629,-1.646973
17:05:30,2.311768,-0.84375,-1.037109
17:05:30,1.812256,-0.30835,0.83252
17:05:30,0.753174,-0.208496,3.30127
17:05:30,-3.557373,-0.844727,1.87915
17:05:30,-5.581299,-1.732666,0.77124
17:05:30,-0.906494,-0.700439,3.649414
17:05:30,0.626221,-0.22998,0.950439
17:05:30,2.279297,-0.35083,-0.398682
17:05:30,4.191406,-0.595459,-1.490479
17:05:30,4.928955,-0.036621,-0.98877
17:05:30,3.366211,0.958008,-0.685303
17:05:30,2.227783,1.519531,-0.407227
17:05:30,1.092285,1.363037,0.312012
17:05:30,0.464111,1.294678,0.813721
17:05:30,-0.025391,1.0625,1.28125
17:05:30,-0.236328,0.679199,1.078613
17:05:30,-0.19043,0.319824,0.756592
17:05:30,0.13208,0.14917,0.746826
17:05:30,0.558594,0.093018,0.76123
17:05:30,1.027344,-0.013184,0.686768
17:05:30,1.231445,-0.173828,0.473877
17:05:30,1.237549,-0.363281,0.408203
17:05:30,1.046631,-0.524902,0.612305
17:05:30,0.706299,-0.595703,0.787842
17:05:30,0.47583,-0.607422,0.903809
17:05:30,0.370361,-0.530762,0.995605
17:05:30,0.418945,-0.351563,0.911377
17:05:30,0.608398,-0.171387,0.760742
17:05:30,0.745605,-0.031982,0.672363
17:05:30,0.797363,0.074463,0.599121
17:05:30,0.776611,0.16333,0.594727
17:05:30,0.728271,0.246582,0.604736
17:05:30,0.643799,0.301025,0.602051
17:05:30,0.577637,0.33667,0.649658
17:05:30,0.554688,0.31665,0.657471
17:05:30,0.552734,0.233154,0.658691
17:05:30,0.618408,0.156982,0.669922
17:05:30,0.661621,0.068115,0.638428
17:05:30,0.705078,-0.003906,0.642334
17:05:30,0.734131,-0.061768,0.702881
17:05:30,0.734375,-0.106934,0.672607
17:05:30,0.735352,-0.125,0.685059
17:05:30,0.72168,-0.111084,0.700195
17:05:30,0.708252,-0.110596,0.713379
17:05:30,0.678955,-0.094482,0.746582
17:05:30,0.65625,-0.101074,0.73877
17:05:30,0.665039,-0.133545,0.731445
17:05:30,0.681641,-0.142334,0.743164
17:05:30,0.699219,-0.142822,0.763916
17:05:30,0.706543,-0.137451,0.76123
17:05:30,0.697998,-0.094727,0.724854
17:05:30,0.676514,-0.062256,0.704834
17:05:30,0.633545,-0.111816,0.848633
17:05:30,0.546387,-0.19751,1.039307
17:05:30,0.416504,-0.226807,1.05835
17:05:30,0.324707,-0.221924,1.005371
17:05:30,0.299072,-0.203125,0.928467
17:05:31,0.270996,-0.203613,0.92041
17:05:31,0.162598,-0.193848,1.087646
17:05:31,-0.111328,-0.064209,1.125
17:05:31,-0.331787,0.012695,1.026611
17:05:31,0.327393,-0.113037,0.996582
17:05:31,1.931641,-0.481445,1.156006
17:05:31,2.460938,-0.556641,1.234375
17:05:31,2.7229,-0.519775,1.183105
17:05:31,2.904541,-0.560791,1.69458
17:05:31,3.213623,-0.415039,1.481689
17:05:31,3.04834,0.21167,1.592041
17:05:31,2.47876,0.839111,1.406006
17:05:31,2.368652,1.419434,0.560303
17:05:31,3.313232,2.539063,1.83252
17:05:31,1.897217,2.229248,0.791016
17:05:31,0.535156,1.698242,0.538086
17:05:31,-0.365723,1.344971,0.924316
17:05:31,-0.903809,1.173096,1.329346
17:05:31,-0.835205,0.998291,1.287598
17:05:31,-0.212158,0.835938,1.028809
17:05:31,0.526611,0.760742,0.694336
17:05:31,0.98291,0.689209,0.371338
17:05:31,1.079102,0.519287,0.229736
17:05:31,0.883057,0.315674,0.284912
17:05:31,0.57251,0.143799,0.375488
17:05:31,0.375,0.011719,0.540283
17:05:31,0.427246,-0.072754,0.755615
17:05:31,0.672363,-0.110596,0.806152
17:05:31,0.985352,-0.104004,0.713623
17:05:31,1.319824,-0.094238,0.615723
17:05:31,1.543213,-0.121582,0.55249
17:05:31,1.535645,-0.151611,0.5896
17:05:31,1.452393,-0.119629,0.734131
17:05:31,1.484375,0.006348,0.804443
17:05:31,1.626709,0.157715,0.763428
17:05:31,1.843994,0.361816,0.76001
17:05:31,1.993164,0.578613,0.675049
17:05:31,2.077148,0.82959,0.481445
17:05:31,2.201416,0.98999,0.435059
17:05:31,2.411377,0.935791,0.437012
17:05:31,2.762451,0.804932,0.399414
17:05:31,3.123779,0.640137,0.125
17:05:31,3.345459,0.300049,-0.357422
17:05:31,3.358154,-0.101318,-0.935547
17:05:31,3.19458,-0.378418,-1.495605
17:05:31,2.692627,-0.403076,-1.958984
17:05:31,2.292725,-0.367188,-2.251953
17:05:31,1.98877,-0.399658,-2.502197
17:05:31,2.013184,-0.584961,-2.645752
17:05:31,2.438232,-0.760254,-2.690918
17:05:31,2.54126,-1.048584,-2.230469
17:05:31,2.362549,-1.197754,-1.376221
17:05:31,2.076904,-0.730469,-0.550537
17:05:31,2.329834,0.234375,2.962646
17:05:31,0.07373,0.245361,4.474854
17:05:31,-5.716309,-0.906982,0.069092
17:05:31,-4.927979,-0.981934,0.88208
17:05:31,0.600586,0.069336,3.857422
17:05:31,1.283691,0.215576,0.046875
17:05:31,3.059814,-0.133057,-1.392334
17:05:31,4.621582,-0.04541,-1.641846
17:05:31,3.584473,0.258545,-0.341064
17:05:31,2.093018,0.87085,0.365479
17:05:31,1.532227,1.16333,0.341797
17:05:31,0.75708,1.030762,0.398926
17:05:31,0.473145,0.94751,0.974121
17:05:31,0.223877,0.763916,1.220215
17:05:31,0.125732,0.434814,0.917236
17:05:31,0.280762,0.234619,0.609375
17:05:31,0.647705,0.117676,0.713379
17:05:31,0.961182,0.001953,0.763428
17:05:31,1.034668,-0.144775,0.52124
17:05:31,0.992676,-0.283936,0.530029
17:05:31,0.875244,-0.404297,0.716797
17:05:31,0.674805,-0.437988,0.754395
17:05:31,0.549316,-0.446777,0.853271
17:05:31,0.494385,-0.4104,0.858398
17:05:31,0.524414,-0.303467,0.857666
17:05:31,0.631592,-0.177002,0.779297
17:05:31,0.703613,-0.050293,0.699951
17:05:31,0.755127,0.056152,0.666748
17:05:31,0.757813,0.138428,0.64624
17:05:31,0.718506,0.209229,0.630615
17:05:31,0.689697,0.257324,0.619141
17:05:31,0.648438,0.27832,0.636963
17:05:31,0.610352,0.246094,0.665527
17:05:31,0.610107,0.137451,0.678467
17:05:31,0.633057,0.018066,0.696045
17:05:31,0.677734,-0.065674,0.70166
17:05:31,0.736816,-0.13208,0.680176
17:05:31,0.751709,-0.168213,0.671875
17:05:31,0.727051,-0.166504,0.695557
17:05:31,0.69458,-0.111084,0.722656
17:05:31,0.666748,-0.047119,0.716553
17:05:31,0.655029,0.0271,0.701904
17:05:31,0.65625,0.083252,0.702148
17:05:31,0.655762,0.108887,0.686523
17:05:31,0.640869,0.063721,0.671631
17:05:31,0.623535,-0.008057,0.699707
17:05:31,0.666748,-0.098877,0.746338
17:05:32,0.684814,-0.151855,0.750488
17:05:32,0.69751,-0.156982,0.751465
17:05:32,0.729004,-0.157959,0.735107
17:05:32,0.748047,-0.144043,0.7229
17:05:32,0.684326,-0.144287,0.850098
17:05:32,0.553223,-0.125244,1.085449
17:05:32,0.419189,-0.084717,1.11084
17:05:32,0.311279,-0.013916,0.994873
17:05:32,0.246094,-0.006104,0.962402
17:05:32,0.237793,-0.065674,1.010498
17:05:32,0.178955,-0.070801,1.05957
17:05:32,-0.064697,-0.02124,0.988037
17:05:32,-0.142578,0.000977,0.946533
17:05:32,0.551514,-0.183838,0.979004
17:05:32,1.296143,-0.447266,0.976074
17:05:32,2.030029,-0.518311,1.059082
17:05:32,3.046387,-0.550049,1.059814
17:05:32,3.235107,-0.545166,1.300049
17:05:32,3.324463,-0.380615,1.843506
17:05:32,2.748291,0.156738,1.770752
17:05:32,2.531982,0.972656,1.876465
17:05:32,2.466064,1.507568,0.541504
17:05:32,3.196045,2.094971,1.411621
17:05:32,2.018555,2.04834,1.234619
17:05:32,0.688721,1.400879,0.784424
17:05:32,-0.162354,0.95752,1.007813
17:05:32,-0.690674,0.696289,1.333496
17:05:32,-0.80127,0.515381,1.513916
17:05:32,-0.398926,0.383545,1.428223
17:05:32,0.168945,0.380859,0.949463
17:05:32,0.657959,0.443359,0.468018
17:05:32,0.982178,0.470703,0.361816
17:05:32,1.031982,0.373535,0.409668
17:05:32,0.850586,0.236328,0.415283
17:05:32,0.616211,0.159912,0.451904
17:05:32,0.502197,0.15625,0.55835
17:05:32,0.543213,0.200439,0.554199
17:05:32,0.701172,0.239258,0.524658
17:05:32,0.900879,0.220459,0.575195
17:05:32,1.098145,0.15918,0.683594
17:05:32,1.371582,0.047363,0.833008
17:05:32,1.661133,-0.100342,0.880859
17:05:32,1.866455,-0.241211,0.786621
17:05:32,1.981934,-0.344482,0.697998
17:05:32,1.99585,-0.292725,0.710938
17:05:32,1.925293,-0.027588,0.6875
17:05:32,1.811768,0.303467,0.525635
17:05:32,1.914551,0.554443,0.572754
17:05:32,2.309082,0.71875,0.71582
17:05:32,2.854004,0.781006,0.688477
17:05:32,3.278564,0.750488,0.217529
17:05:32,3.317139,0.553711,-0.400879
17:05:32,3.051758,0.128418,-0.81958
17:05:32,2.692627,-0.277588,-1.114258
17:05:32,2.418945,-0.533447,-1.316162
17:05:32,2.272705,-0.635986,-1.688477
17:05:32,2.148682,-0.687256,-2.343994
17:05:32,2.366943,-0.879639,-2.73877
17:05:32,2.588623,-1.167969,-2.803223
17:05:32,2.434814,-1.165771,-2.304688
17:05:32,1.535889,-0.583252,-1.920166
17:05:32,1.83374,-0.119873,-0.500244
17:05:32,1.465332,0.283203,2.725342
17:05:32,-1.511475,-0.571533,3.138184
17:05:32,-2.277588,-0.715088,2.032715
17:05:32,-0.759766,-0.302979,1.529541
17:05:32,1.606934,-0.334961,1.414551
17:05:32,2.517334,-0.532471,-0.520752
17:05:32,2.324951,-0.599609,-1.122559
17:05:32,2.448242,-0.389648,0.964844
17:05:32,2.216064,0.294189,1.295166
17:05:32,1.84668,1.10791,-0.107666
17:05:32,1.611572,1.482178,-0.334717
17:05:32,1.252686,1.619385,0.306396
17:05:32,0.824219,1.557617,0.654053
17:05:32,0.375244,0.978027,0.77002
17:05:32,0.11792,0.435059,0.59668
17:05:32,0.278564,0.146729,0.73877
17:05:32,0.583252,-0.060059,0.853027
17:05:32,0.780762,-0.265625,0.651123
17:05:32,0.946289,-0.456543,0.563232
17:05:32,0.996826,-0.627441,0.677734
17:05:32,0.865723,-0.7229,0.675049
17:05:32,0.703857,-0.75,0.780518
17:05:32,0.507813,-0.68335,0.917725
17:05:32,0.478516,-0.455811,0.900146
17:05:32,0.558594,-0.197998,0.799072
17:05:32,0.668701,-0.005371,0.720459
17:05:32,0.72876,0.140625,0.640381
17:05:32,0.738037,0.242432,0.595459
17:05:32,0.731201,0.3125,0.599609
17:05:32,0.679688,0.358643,0.632568
17:05:32,0.62207,0.35376,0.637939
17:05:32,0.593018,0.2854,0.653809
17:05:32,0.597168,0.155273,0.703369
17:05:32,0.622314,0.026855,0.723389
17:05:32,0.66333,-0.062012,0.7229
17:05:32,0.717041,-0.131104,0.702637
17:05:32,0.742188,-0.177246,0.679688
17:05:33,0.732422,-0.203613,0.697754
17:05:33,0.700439,-0.197021,0.73584
17:05:33,0.651855,-0.116699,0.759766
17:05:33,0.639893,-0.003662,0.72998
17:05:33,0.663086,0.076416,0.673584
17:05:33,0.674805,0.132324,0.669434
17:05:33,0.670166,0.15918,0.669189
17:05:33,0.645264,0.105713,0.682617
17:05:33,0.600586,0.003906,0.749268
17:05:33,0.595459,-0.096191,0.783936
17:05:33,0.631104,-0.148193,0.763184
17:05:33,0.677734,-0.174316,0.747314
17:05:33,0.736816,-0.187256,0.717773
17:05:33,0.781006,-0.172363,0.716797
17:05:33,0.743164,-0.145752,0.87793
17:05:33,0.5979,-0.05957,0.986816
17:05:33,0.483643,0.016113,1.074463
17:05:33,0.440186,0.095703,1.048096
17:05:33,0.330078,0.146484,0.962402
17:05:33,0.235596,0.082764,0.966064
17:05:33,0.125244,0.05127,1.02124
17:05:33,0.002686,0.028076,1.140137
17:05:33,-0.31958,0.02002,0.960449
17:05:33,-0.062256,-0.105957,0.893555
17:05:33,1.109131,-0.342041,1.139404
17:05:33,2.293701,-0.467529,0.999023
17:05:33,3.166992,-0.584473,0.542969
17:05:33,3.540771,-0.732422,1.183594
17:05:33,3.281982,-0.733887,2.176514
17:05:33,2.677002,-0.186768,2.399902
17:05:33,2.129883,0.70752,1.697754
17:05:33,2.647461,1.440674,0.755859
17:05:33,3.391113,2.096436,1.0979
17:05:33,2.185547,2.025879,1.156494
17:05:33,0.479492,1.215088,0.695068
17:05:33,-0.38208,0.764893,1.009521
17:05:33,-0.921875,0.487793,1.339844
17:05:33,-0.963135,0.335693,1.762695
17:05:33,-0.396484,0.234375,1.710938
17:05:33,0.268555,0.217773,1.100098
17:05:33,0.832764,0.234375,0.592041
17:05:33,1.290527,0.216553,0.466064
17:05:33,1.441162,0.099365,0.44043
17:05:33,1.131348,-0.063477,0.309082
17:05:33,0.767334,-0.173096,0.479004
17:05:33,0.502441,-0.258789,0.721924
17:05:33,0.501709,-0.271729,0.778564
17:05:33,0.731201,-0.145264,0.706299
17:05:33,0.998779,0.030029,0.580078
17:05:33,1.158203,0.165039,0.476563
17:05:33,1.225342,0.221191,0.542725
17:05:33,1.293945,0.145264,0.723877
17:05:33,1.425049,0.027344,0.839844
17:05:33,1.595215,-0.029541,0.82666
17:05:33,1.765137,-0.001465,0.820068
17:05:33,1.883545,0.149902,0.874023
17:05:33,1.945313,0.377686,0.883057
17:05:33,2.110596,0.579834,0.908447
17:05:33,2.467773,0.726563,0.920654
17:05:33,2.90625,0.787109,0.659424
17:05:33,3.191406,0.768555,0.129395
17:05:33,3.143311,0.62793,-0.368896
17:05:33,2.959229,0.230469,-0.598633
17:05:33,2.828125,-0.253418,-0.722168
17:05:33,2.757324,-0.556885,-1.120117
17:05:33,2.742188,-0.617432,-1.76709
17:05:33,2.531006,-0.660156,-2.382813
17:05:33,2.317139,-0.701172,-2.936035
17:05:33,2.536865,-0.959229,-3.226563
17:05:33,2.185547,-0.999512,-3.073242
17:05:33,2.078125,-0.920654,-1.818604
17:05:33,2.213379,-0.723633,-0.863037
17:05:33,2.223389,-0.313965,0.114258
17:05:33,2.988037,0.827881,4.473633
17:05:33,-0.440186,0.737305,3.617188
17:05:33,-6.660156,-0.753906,-2.297607
17:05:33,-2.438965,0.160645,2.966309
17:05:33,0.672363,0.324219,3.740967
17:05:33,1.062744,0.227051,0.516357
17:05:33,2.500977,0.162109,-2.001221
17:05:33,4.11792,0.256104,-1.129639
17:05:33,3.592773,0.533936,0.16748
17:05:33,2.356445,0.891113,0.189453
17:05:33,1.394531,0.968994,0.186768
17:05:33,0.756348,0.777344,0.84082
17:05:33,0.406738,0.52832,1.253174
17:05:33,0.167725,0.234863,1.017334
17:05:33,0.243164,-0.023682,0.856445
17:05:33,0.503174,-0.19165,0.869385
17:05:33,0.786377,-0.308105,0.845215
17:05:33,0.972412,-0.440674,0.681152
17:05:33,1.012451,-0.533447,0.614502
17:05:33,0.9021,-0.572754,0.747559
17:05:33,0.67334,-0.524658,0.831055
17:05:33,0.532227,-0.384766,0.909912
17:05:33,0.490479,-0.230957,0.829346
17:05:33,0.490234,-0.085449,0.775146
17:05:33,0.570313,0.029053,0.760742
17:05:33,0.628174,0.129883,0.700439
17:05:33,0.686768,0.202148,0.672119
17:05:33,0.733643,0.261963,0.641846
17:05:34,0.707764,0.296631,0.638184
17:05:34,0.678955,0.271973,0.666992
17:05:34,0.632813,0.248291,0.685547
17:05:34,0.608887,0.169922,0.682129
17:05:34,0.618896,0.061768,0.726318
17:05:34,0.632813,-0.02124,0.722656
17:05:34,0.661377,-0.100342,0.729004
17:05:34,0.682129,-0.159912,0.73999
17:05:34,0.69873,-0.185547,0.714111
17:05:34,0.706787,-0.197998,0.700195
17:05:34,0.698486,-0.164551,0.703125
17:05:34,0.668701,-0.075439,0.703125
17:05:34,0.65625,0.005859,0.703125
17:05:34,0.641357,0.05957,0.703125
17:05:34,0.618896,0.094727,0.697998
17:05:34,0.631104,0.09082,0.723389
17:05:34,0.642822,0.035889,0.748291
17:05:34,0.638184,-0.04834,0.73999
17:05:34,0.652588,-0.123535,0.777344
17:05:34,0.664795,-0.165039,0.811768
17:05:34,0.613037,-0.157471,0.822754
17:05:34,0.616699,-0.149658,0.76416
17:05:34,0.661621,-0.124512,0.768799
17:05:34,0.625488,-0.138916,0.965088
17:05:34,0.496094,-0.101807,1.154297
17:05:34,0.379883,-0.042236,1.10376
17:05:34,0.294434,-0.015137,1.029053
17:05:34,0.251221,-0.030273,0.984375
17:05:34,0.226807,-0.061523,1.028564
17:05:34,0.101318,-0.04834,1.03833
17:05:34,-0.044678,-0.048096,0.945801
17:05:34,-0.2854,-0.023193,0.940918
17:05:34,-0.013184,-0.081055,1.130859
17:05:34,1.363037,-0.281494,1.141113
17:05:34,2.310059,-0.356934,0.850586
17:05:34,2.975586,-0.383301,0.769287
17:05:34,3.340576,-0.408936,1.260498
17:05:34,3.172363,-0.413086,1.687744
17:05:34,3.07959,0.018311,2.424805
17:05:34,2.419434,0.669922,1.591064
17:05:34,2.348389,1.222412,0.508545
17:05:34,2.932373,1.889648,1.492676
17:05:34,2.056396,1.958252,1.563721
17:05:34,0.487305,1.348633,0.601074
17:05:34,-0.387207,0.965332,0.897461
17:05:34,-0.894775,0.752441,1.393066
17:05:34,-0.841797,0.599121,1.693359
17:05:34,-0.191895,0.51416,1.421875
17:05:34,0.529541,0.5896,0.730469
17:05:34,0.994141,0.679443,0.328125
17:05:34,1.118652,0.643066,0.234619
17:05:34,0.867676,0.415527,0.335693
17:05:34,0.508057,0.196777,0.489502
17:05:34,0.36499,0.062988,0.688965
17:05:34,0.432129,0.013184,0.700928
17:05:34,0.643799,0.015625,0.624023
17:05:34,0.894043,0.030762,0.595703
17:05:34,1.077637,0.034668,0.546875
17:05:34,1.176025,-0.02002,0.579834
17:05:34,1.22168,-0.084717,0.678223
17:05:34,1.29126,-0.117188,0.800293
17:05:34,1.363281,-0.06543,0.794922
17:05:34,1.459961,0.055664,0.749512
17:05:34,1.581055,0.219482,0.768799
17:05:34,1.676514,0.375244,0.841797
17:05:34,1.831055,0.541748,0.989014
17:05:34,2.14209,0.700684,1.171143
17:05:34,2.5896,0.807617,0.959961
17:05:34,2.937012,0.860352,0.39209
17:05:34,3.0625,0.849365,-0.001221
17:05:34,3.022461,0.553711,-0.057861
17:05:34,2.942139,0.015137,-0.137451
17:05:34,2.867676,-0.446289,-0.543945
17:05:34,2.746582,-0.650879,-1.256348
17:05:34,2.536133,-0.541016,-1.926514
17:05:34,2.251709,-0.333496,-2.305664
17:05:34,2.123291,-0.27417,-2.682129
17:05:34,2.280273,-0.442871,-2.954102
17:05:34,2.54834,-0.717285,-2.766602
17:05:34,2.486572,-0.871582,-1.902344
17:05:34,2.267334,-0.801514,-0.723633
17:05:34,2.182617,-0.446777,0.554443
17:05:34,2.260498,0.383545,2.452881
17:05:34,0.061035,0.94043,4.329102
17:05:34,-5.73584,-1.056885,-1.053711
17:05:34,-3.797363,-0.562256,1.914795
17:05:34,0.094971,-0.32666,3.074951
17:05:34,1.17041,-0.294922,2.102295
17:05:34,2.831299,-0.383789,-0.353027
17:05:34,4.541992,0.214355,-3.2771
17:05:34,4.797363,0.692139,-0.922607
17:05:34,2.945557,1.204102,-0.202393
17:05:34,1.196777,0.991699,0.015381
17:05:34,0.483398,0.782715,0.789063
17:05:34,0.097412,0.656982,1.575928
17:05:34,-0.260986,0.36377,1.389893
17:05:34,-0.402832,0.102539,0.794434
17:05:34,-0.120605,0,0.791016
17:05:34,0.452148,-0.044922,1.067627
17:05:34,0.893311,-0.112061,0.907471
17:05:35,1.126465,-0.199707,0.467041
17:05:35,1.238037,-0.288818,0.405029
17:05:35,1.037354,-0.365234,0.638916
17:05:35,0.639648,-0.4021,0.817139
17:05:35,0.427734,-0.307129,0.837646
17:05:35,0.359375,-0.153564,0.790771
17:05:35,0.382324,-0.087891,0.973633
17:05:35,0.539063,0.049561,0.748291
17:05:35,0.653564,0.128906,0.719238
17:05:35,0.729736,0.18335,0.664307
17:05:35,0.734375,0.223389,0.651855
17:05:35,0.7146,0.236084,0.625977
17:05:35,0.65332,0.249023,0.672607
17:05:35,0.579834,0.189453,0.670654
17:05:35,0.531982,0.102295,0.746826
17:05:35,0.555176,0.011475,0.734863
17:05:35,0.612061,-0.050293,0.747803
17:05:35,0.675537,-0.113037,0.755371
17:05:35,0.712646,-0.156006,0.711914
17:05:35,0.738281,-0.141357,0.701172
17:05:35,0.706787,-0.08374,0.700684
17:05:35,0.656006,-0.030029,0.71167
17:05:35,0.618408,0.008545,0.730225
17:05:35,0.594482,0.020508,0.733154
17:05:35,0.599365,0.012939,0.741455
17:05:35,0.615479,-0.023682,0.760498
17:05:35,0.643311,-0.068848,0.767334
17:05:35,0.660156,-0.083984,0.763672
17:05:35,0.657959,-0.074463,0.769043
17:05:35,0.651123,-0.050049,0.800049
17:05:35,0.630615,-0.015869,0.807617
17:05:35,0.63208,0.011475,0.751221
17:05:35,0.634277,0.012695,0.788818
17:05:35,0.567139,-0.001221,0.998291
17:05:35,0.459473,-0.003174,1.114502
17:05:35,0.338135,-0.021484,1.04126
17:05:35,0.266846,-0.027588,0.936768
17:05:35,0.265625,-0.027588,0.880615
17:05:35,0.257813,-0.120361,0.998535
17:05:35,0.14502,-0.119873,1.010986
17:05:35,-0.112305,-0.041016,0.937256
17:05:35,-0.209229,-0.001221,1.019043
17:05:35,0.78125,-0.179199,1.281494
17:05:35,1.633057,-0.33667,1.004395
17:05:35,2.315918,-0.31665,0.942627
17:05:35,2.757568,-0.310303,1.032227
17:05:35,3.043457,-0.325439,1.425049
17:05:35,3.230713,-0.402344,1.76001
17:05:35,3.283691,0.0354,2.383301
17:05:35,2.265381,0.61792,0.984619
17:05:35,2.501709,1.182129,0.76123
17:05:35,2.965576,1.963379,2.018799
17:05:35,1.782227,1.93042,1.353516
17:05:35,0.314453,1.405273,0.568848
17:05:35,-0.510742,1.10498,0.995361
17:05:35,-0.910645,0.939697,1.60376
17:05:35,-0.645996,0.793945,1.632568
17:05:35,0.083496,0.73291,1.025879
17:05:35,0.693359,0.76416,0.425781
17:05:35,0.969727,0.71875,0.176514
17:05:35,0.861328,0.516113,0.27832
17:05:35,0.567383,0.271973,0.468262
17:05:35,0.406494,0.112305,0.595947
17:05:35,0.47168,0.01709,0.683838
17:05:35,0.685791,-0.00708,0.670898
17:05:35,0.881348,0.037109,0.554199
17:05:35,1.021484,0.163818,0.507813
17:05:35,1.036133,0.228516,0.521973
17:05:35,1.069092,0.250732,0.609863
17:05:35,1.147705,0.233154,0.774902
17:05:35,1.281006,0.21875,0.874756
17:05:35,1.456543,0.232666,0.875488
17:05:35,1.621826,0.259521,0.857422
17:05:35,1.750244,0.319092,0.893066
17:05:35,1.778809,0.354248,0.963379
17:05:35,1.993652,0.371094,1.195801
17:05:35,2.39209,0.377441,1.301758
17:05:35,2.844482,0.42627,0.985596
17:05:35,3.189209,0.578857,0.366699
17:05:35,3.263184,0.772461,-0.349121
17:05:35,3.094971,0.685303,-0.747559
17:05:35,2.837646,0.288574,-0.820313
17:05:35,2.61084,-0.068115,-1.052002
17:05:35,2.495605,-0.24585,-1.534912
17:05:35,2.413086,-0.349854,-2.126953
17:05:35,2.318115,-0.490234,-2.66626
17:05:35,2.527588,-0.850342,-2.997559
17:05:35,2.600342,-1.183838,-2.970459
17:05:35,2.377686,-1.299316,-2.160889
17:05:35,2.079346,-1.132568,-1.026123
17:05:35,1.660156,-0.490967,0.689697
17:05:35,0.833984,-0.334717,3.078613
17:05:35,-2.891113,-1.07666,2.460449
17:05:35,-4.384766,-1.603271,1.723877
17:05:35,-0.215088,-0.407227,2.822021
17:05:35,1.530273,-0.420166,0.795898
17:05:35,3.435547,-0.526855,-1.24292
17:05:35,4.04541,-0.487061,-1.527832
17:05:35,3.158936,0.044434,0.370361
17:05:35,2.125488,0.748779,0.286621
17:05:36,1.817139,1.44458,-0.13623
17:05:36,1.31543,1.65332,0.16333
17:05:36,0.766113,1.793457,0.501221
17:05:36,0.363281,1.634033,0.818115
17:05:36,0.013916,1.107422,0.79248
17:05:36,-0.076904,0.623535,0.626221
17:05:36,0.189941,0.328125,0.669434
17:05:36,0.566895,0.171387,0.65918
17:05:36,0.863281,0.050049,0.570068
17:05:36,1.044922,-0.124756,0.532471
17:05:36,1.072998,-0.347412,0.499756
17:05:36,0.932129,-0.531982,0.567871
17:05:36,0.716309,-0.676514,0.762207
17:05:36,0.532959,-0.753906,0.900391
17:05:36,0.443848,-0.718018,0.959473
17:05:36,0.464111,-0.556396,0.973145
17:05:36,0.557373,-0.319824,0.852783
17:05:36,0.679199,-0.121826,0.705811
17:05:36,0.755615,0.036133,0.667236
17:05:36,0.753174,0.17749,0.614502
17:05:36,0.750488,0.29248,0.571533
17:05:36,0.713867,0.387207,0.601563
17:05:36,0.618164,0.43335,0.63501
17:05:36,0.566406,0.436768,0.656982
17:05:36,0.543457,0.390137,0.640869
17:05:36,0.550049,0.262939,0.657227
17:05:36,0.599854,0.14502,0.655273
17:05:36,0.689453,0.028564,0.640625
17:05:36,0.763184,-0.058594,0.670654
17:05:36,0.796875,-0.133789,0.686523
17:05:36,0.772217,-0.182373,0.686279
17:05:36,0.730225,-0.20459,0.693359
17:05:36,0.672363,-0.186035,0.76709
17:05:36,0.604004,-0.11792,0.800049
17:05:36,0.588867,-0.036865,0.779785
17:05:36,0.598389,0.024902,0.729492
17:05:36,0.638428,0.025391,0.715576
17:05:36,0.671143,0.006348,0.716309
17:05:36,0.733887,-0.008789,0.723877
17:05:36,0.750977,-0.026367,0.747559
17:05:36,0.671387,-0.021973,0.769287
17:05:36,0.597412,-0.067871,0.906006
17:05:36,0.506592,-0.136475,1.063965
17:05:36,0.379639,-0.137695,1.09375
17:05:36,0.278076,-0.11792,1.01123
17:05:36,0.254395,-0.147217,0.946289
17:05:36,0.244385,-0.174805,0.998535
17:05:36,0.094727,-0.077393,1.026123
17:05:36,-0.156494,0.092285,1.025391
17:05:36,-0.137939,0.165283,1.0271
17:05:36,0.813965,0.057617,1.094971
17:05:36,2.043457,-0.104736,1.107666
17:05:36,2.990234,-0.222168,0.999512
17:05:36,3.330566,-0.236084,0.860352
17:05:36,3.354004,-0.215088,1.541504
17:05:36,3.16748,-0.091553,2.627686
17:05:36,2.748779,0.735107,2.388916
17:05:36,1.719482,1.06543,0.350342
17:05:36,2.733154,1.575684,1.696533
17:05:36,2.459473,1.884277,2.226807
17:05:36,1.158936,1.439453,1.041748
17:05:36,0.251221,1.063965,1.038086
17:05:36,-0.388672,0.876953,1.423096
17:05:36,-0.621094,0.697998,1.63501
17:05:36,-0.231934,0.523926,1.491699
17:05:36,0.429932,0.502686,1.059082
17:05:36,0.974854,0.585938,0.625732
17:05:36,1.195313,0.576172,0.317383
17:05:36,0.971436,0.425293,0.289063
17:05:36,0.596924,0.268555,0.470947
17:05:36,0.360107,0.161377,0.5896
17:05:36,0.397217,0.088379,0.6604
17:05:36,0.680176,0.07666,0.690918
17:05:36,0.961426,0.106934,0.575195
17:05:36,1.144287,0.099609,0.515381
17:05:36,1.227295,0.037842,0.63916
17:05:36,1.258301,-0.023193,0.769287
17:05:36,1.371826,-0.056885,0.852051
17:05:36,1.518066,-0.039307,0.832031
17:05:36,1.640625,0.05127,0.73291
17:05:36,1.672119,0.23584,0.645996
17:05:36,1.644287,0.434326,0.705322
17:05:36,1.742188,0.623535,0.830078
17:05:36,1.969238,0.761719,0.889648
17:05:36,2.333008,0.814453,0.791016
17:05:36,2.803955,0.843262,0.646973
17:05:36,3.111084,0.861084,0.233643
17:05:36,3.151611,0.827393,-0.368652
17:05:36,3.023682,0.506592,-0.708496
17:05:36,2.80249,0.050049,-0.841553
17:05:36,2.592529,-0.29541,-1.080078
17:05:36,2.566162,-0.482422,-1.599365
17:05:36,2.437744,-0.579102,-2.04248
17:05:36,2.257813,-0.582031,-2.457764
17:05:36,2.253662,-0.716309,-2.638428
17:05:36,2.306641,-0.890869,-2.521729
17:05:36,2.244141,-1.040771,-1.835693
17:05:36,2.267822,-0.937256,-0.950684
17:05:36,2.259766,-0.441162,-0.223877
17:05:36,2.078125,0.330566,1.717285
17:05:37,-0.343262,0.198486,2.684082
17:05:37,-4.158447,-0.770508,1.732178
17:05:37,-3.030029,-0.616699,2.552979
17:05:37,0.645264,0.044678,2.663086
17:05:37,1.561768,0.008789,-0.503174
17:05:37,3.61792,0.178223,-1.935059
17:05:37,4.53125,0.336426,-0.732422
17:05:37,3.222168,0.747803,0.213623
17:05:37,1.825928,1.141113,-0.083496
17:05:37,1.107422,1.233398,0.432129
17:05:37,0.618652,1.020752,1.079834
17:05:37,0.254883,0.771973,1.08252
17:05:37,0.154053,0.488281,0.861572
17:05:37,0.254639,0.212402,0.795166
17:05:37,0.487549,0.068115,0.766357
17:05:37,0.830566,-0.048096,0.757568
17:05:37,1.03125,-0.196045,0.626465
17:05:37,1.073486,-0.32251,0.543701
17:05:37,0.997314,-0.401367,0.610107
17:05:37,0.788574,-0.495605,0.726318
17:05:37,0.55127,-0.553955,0.870361
17:05:37,0.426758,-0.515381,0.975098
17:05:37,0.417969,-0.364014,0.909668
17:05:37,0.530518,-0.211182,0.795654
17:05:37,0.675293,-0.069092,0.739258
17:05:37,0.772461,0.042725,0.669678
17:05:37,0.776855,0.123291,0.618896
17:05:37,0.729736,0.196289,0.639404
17:05:37,0.672119,0.232422,0.660156
17:05:37,0.610596,0.24707,0.650879
17:05:37,0.586914,0.246826,0.676025
17:05:37,0.589355,0.192383,0.712646
17:05:37,0.606445,0.102295,0.691895
17:05:37,0.660156,0.013428,0.667236
17:05:37,0.702148,-0.062012,0.671875
17:05:37,0.727539,-0.131104,0.67041
17:05:37,0.734131,-0.166748,0.677979
17:05:37,0.711914,-0.169189,0.709473
17:05:37,0.679932,-0.131348,0.720215
17:05:37,0.651611,-0.084961,0.71875
17:05:37,0.639404,-0.040283,0.71875
17:05:37,0.640381,0.001709,0.718018
17:05:37,0.640625,0,0.703125
17:05:37,0.655273,-0.013672,0.717773
17:05:37,0.670898,-0.057617,0.731445
17:05:37,0.673096,-0.0896,0.76123
17:05:37,0.655029,-0.109131,0.781006
17:05:37,0.685303,-0.098389,0.773926
17:05:37,0.66748,-0.078613,0.715576
17:05:37,0.644043,-0.082764,0.759766
17:05:37,0.570801,-0.126221,0.953613
17:05:37,0.463135,-0.154297,1.09668
17:05:37,0.354004,-0.157227,1.052002
17:05:37,0.314453,-0.151611,0.926514
17:05:37,0.319092,-0.185547,0.919922
17:05:37,0.199707,-0.166992,0.973389
17:05:37,-0.003418,-0.03125,1.00415
17:05:37,-0.355225,0.09082,0.943604
17:05:37,0.21167,-0.015381,1.047607
17:05:37,1.337402,-0.245361,1.139404
17:05:37,2.263916,-0.320068,1.102539
17:05:37,3.170166,-0.289551,1.08667
17:05:37,3.008789,-0.245361,1.000977
17:05:37,3.181152,-0.255127,1.936035
17:05:37,3.151611,-0.07959,2.804688
17:05:37,2.303711,0.625488,1.509766
17:05:37,1.713135,0.968018,0.293213
17:05:37,2.867432,1.619141,2.204834
17:05:37,2.225586,1.956787,1.876221
17:05:37,0.830811,1.534424,0.55835
17:05:37,0.001465,1.202148,0.864014
17:05:37,-0.590332,1.001709,1.324463
17:05:37,-0.662354,0.855225,1.594727
17:05:37,-0.109131,0.697266,1.354004
17:05:37,0.594971,0.694336,0.848877
17:05:37,1.209961,0.755127,0.486816
17:05:37,1.481689,0.800781,0.348389
17:05:37,1.250244,0.675537,0.266846
17:05:37,0.789307,0.456543,0.224854
17:05:37,0.403564,0.29541,0.201172
17:05:37,0.111816,0.17334,0.195557
17:05:37,-0.045898,0.047852,0.314209
17:05:37,0.051025,-0.064209,0.582275
17:05:37,0.394287,-0.125732,0.904785
17:05:37,0.891602,-0.119873,1.020752
17:05:37,1.459473,-0.072021,0.935059
17:05:37,1.850342,0.011963,0.770996
17:05:37,1.841797,0.143066,0.577637
17:05:37,1.518066,0.270752,0.561035
17:05:37,1.183838,0.375488,0.739258
17:05:37,1.095215,0.521973,0.957275
17:05:37,1.294434,0.677246,1.168701
17:05:37,1.739746,0.735352,1.195313
17:05:37,2.271729,0.73877,1.032471
17:05:37,2.788086,0.759277,0.811523
17:05:37,3.165283,0.78418,0.424561
17:05:37,3.303223,0.696289,-0.063232
17:05:37,3.12793,0.335938,-0.538574
17:05:37,2.912109,-0.195068,-0.696777
17:05:38,2.664551,-0.653076,-0.979736
17:05:38,2.580811,-0.762939,-1.224854
17:05:38,2.472412,-0.82373,-1.612549
17:05:38,2.505371,-0.863525,-2.108154
17:05:38,2.401611,-0.785645,-2.662354
17:05:38,2.276855,-0.682617,-2.84082
17:05:38,2.164307,-0.693359,-1.987061
17:05:38,2.216309,-0.690918,-1.188232
17:05:38,2.030029,-0.286865,-0.692871
17:05:38,2.596436,0.595703,1.724609
17:05:38,0.688477,1.031006,3.111572
17:05:38,-5.379639,-0.615967,-0.369629
17:05:38,-3.954102,-1.066406,2.364502
17:05:38,0.716553,-0.66333,4.431885
17:05:38,1.821045,-0.592529,0.407715
17:05:38,3.576904,-0.737549,-1.844238
17:05:38,4.860352,-0.495361,-1.465332
17:05:38,3.515869,0.415771,-0.385254
17:05:38,1.874268,0.922852,0.490967
17:05:38,0.955566,1.132568,0.33374
17:05:38,0.618652,1.263916,0.548584
17:05:38,0.288574,1.270508,1.138672
17:05:38,-0.006348,1.055176,1.09668
17:05:38,0.004639,0.728516,0.759033
17:05:38,0.261475,0.460938,0.618164
17:05:38,0.577393,0.287354,0.626953
17:05:38,0.861816,0.1604,0.533691
17:05:38,1.017334,0.02417,0.519531
17:05:38,1.041748,-0.138428,0.597412
17:05:38,0.886963,-0.268311,0.610596
17:05:38,0.741211,-0.370605,0.713623
17:05:38,0.592285,-0.446289,0.818848
17:05:38,0.476318,-0.499756,0.881836
17:05:38,0.474609,-0.474854,0.941406
17:05:38,0.526123,-0.339111,0.870605
17:05:38,0.614014,-0.182373,0.767578
17:05:38,0.699951,-0.052979,0.744629
17:05:38,0.75,0.057373,0.680664
17:05:38,0.732422,0.156738,0.626953
17:05:38,0.712891,0.233643,0.630615
17:05:38,0.681396,0.269775,0.646973
17:05:38,0.616699,0.259766,0.671631
17:05:38,0.571533,0.200195,0.710449
17:05:38,0.594482,0.110107,0.714111
17:05:38,0.649902,0.012207,0.700928
17:05:38,0.69043,-0.068604,0.703125
17:05:38,0.715576,-0.117188,0.701416
17:05:38,0.717773,-0.12915,0.706055
17:05:38,0.693604,-0.090088,0.733154
17:05:38,0.654541,-0.019043,0.753906
17:05:38,0.609375,0.030762,0.711914
17:05:38,0.586426,0.028564,0.673828
17:05:38,0.605713,-0.014893,0.728027
17:05:38,0.668701,-0.080322,0.73584
17:05:38,0.692871,-0.133789,0.736328
17:05:38,0.70459,-0.140381,0.750977
17:05:38,0.700928,-0.12207,0.752197
17:05:38,0.670898,-0.091064,0.780518
17:05:38,0.671631,-0.046631,0.734131
17:05:38,0.628418,-0.01709,0.771973
17:05:38,0.573975,-0.000732,0.990967
17:05:38,0.460205,-0.000977,1.155518
17:05:38,0.334229,0.014893,1.042236
17:05:38,0.263184,0.004883,0.977051
17:05:38,0.2229,-0.012695,0.934082
17:05:38,0.15625,-0.016113,0.972412
17:05:38,-0.003662,-0.024658,1.066406
17:05:38,-0.304688,0.029541,1.01416
17:05:38,-0.144043,0.071533,1.190186
17:05:38,1.227783,-0.079346,1.349365
17:05:38,2.579834,-0.253906,1.125977
17:05:38,3.260498,-0.297607,0.701904
17:05:38,3.686035,-0.338623,1.106201
17:05:38,3.65918,-0.341309,2.493896
17:05:38,3.004883,0.213623,2.703613
17:05:38,2.13916,0.879883,0.988525
17:05:38,2.479004,1.338623,1.180908
17:05:38,2.846436,1.810303,2.654541
17:05:38,1.112793,1.486328,1.287109
17:05:38,0.025879,1.069824,0.825684
17:05:38,-0.583984,0.980713,1.33252
17:05:38,-0.846191,0.875488,1.687012
17:05:38,-0.532959,0.664795,1.712891
17:05:38,0.248291,0.513184,1.241943
17:05:38,0.876709,0.529297,0.762451
17:05:38,1.283203,0.490723,0.530518
17:05:38,1.387939,0.350342,0.512451
17:05:38,1.146729,0.11499,0.422607
17:05:38,0.852295,-0.134521,0.432617
17:05:38,0.599609,-0.360352,0.515137
17:05:38,0.520752,-0.544922,0.635742
17:05:38,0.624268,-0.704102,0.7146
17:05:38,0.820313,-0.818848,0.797363
17:05:38,1.169678,-0.830322,0.928955
17:05:38,1.495605,-0.711426,0.976807
17:05:38,1.659424,-0.436279,0.864258
17:05:38,1.613525,-0.126709,0.809814
17:05:38,1.480713,0.138916,0.847168
17:05:38,1.459961,0.358154,0.938477
17:05:38,1.714355,0.543457,1.204346
17:05:38,2.237061,0.626221,1.483154
17:05:39,2.847656,0.628662,1.212402
17:05:39,3.211182,0.667969,0.438477
17:05:39,3.264893,0.75,-0.22583
17:05:39,3.259521,0.69043,-0.515381
17:05:39,3.241211,0.323486,-0.661865
17:05:39,3.107178,-0.131592,-1.043457
17:05:39,2.828125,-0.396484,-1.541016
17:05:39,2.476074,-0.517578,-1.828613
17:05:39,2.208252,-0.551514,-2.062012
17:05:39,2.25293,-0.705322,-2.41333
17:05:39,2.344238,-0.926025,-2.812744
17:05:39,2.254395,-0.837891,-3.007813
17:05:39,2.23584,-0.818359,-1.776611
17:05:39,2.257324,-0.660645,-0.836914
17:05:39,2.079834,-0.204834,-0.227539
17:05:39,2.427246,0.420166,2.106445
17:05:39,0.064697,0.628906,3.537354
17:05:39,-5.709473,-0.813965,-0.369385
17:05:39,-2.690186,0.307617,3.644043
17:05:39,0.165283,0.383789,2.754639
17:05:39,1.336426,0.489502,-0.40625
17:05:39,4.458984,0.796387,-1.281006
17:05:39,4.778809,1.132324,-2.044922
17:05:39,3.379395,1.380371,-0.953613
17:05:39,2.054932,1.214355,0.396973
17:05:39,0.73584,0.898682,0.741455
17:05:39,-0.046875,0.63623,0.949219
17:05:39,-0.23291,0.365967,1.29541
17:05:39,-0.23584,0.077881,1.309814
17:05:39,-0.110352,-0.120361,0.963623
17:05:39,0.238525,-0.183838,0.721924
17:05:39,0.881104,-0.236084,0.797607
17:05:39,1.392334,-0.349854,0.715088
17:05:39,1.362793,-0.47168,0.385498
17:05:39,1.103516,-0.538574,0.506348
17:05:39,0.75415,-0.525635,0.843994
17:05:39,0.44165,-0.420654,0.868896
17:05:39,0.318604,-0.267578,0.804443
17:05:39,0.310059,-0.196777,0.999756
17:05:39,0.471191,-0.013184,0.800781
17:05:39,0.623047,0.079346,0.733887
17:05:39,0.761719,0.149658,0.646973
17:05:39,0.78125,0.205566,0.609375
17:05:39,0.749756,0.21875,0.65625
17:05:39,0.661621,0.205566,0.684814
17:05:39,0.583984,0.148438,0.731201
17:05:39,0.563232,0.091797,0.733398
17:05:39,0.555664,0.00415,0.746094
17:05:39,0.610352,-0.078613,0.763184
17:05:39,0.645752,-0.118896,0.772217
17:05:39,0.695068,-0.140381,0.72998
17:05:39,0.696533,-0.132324,0.716064
17:05:39,0.680176,-0.115479,0.71875
17:05:39,0.650146,-0.104736,0.716309
17:05:39,0.639893,-0.07251,0.726074
17:05:39,0.633545,-0.012207,0.749268
17:05:39,0.616699,0.046143,0.732422
17:05:39,0.599365,0.080078,0.726807
17:05:39,0.591553,0.07251,0.713867
17:05:39,0.59375,0.019775,0.719482
17:05:39,0.592041,-0.039063,0.801514
17:05:39,0.599365,-0.085449,0.833984
17:05:39,0.610352,-0.121582,0.801758
17:05:39,0.611084,-0.127197,0.77002
17:05:39,0.637207,-0.124023,0.731201
17:05:39,0.691162,-0.129883,0.694824
17:05:39,0.719727,-0.138184,0.776855
17:05:39,0.646729,-0.096191,1.004883
17:05:39,0.499023,-0.036865,1.118896
17:05:39,0.351318,-0.01123,1.056152
17:05:39,0.240723,-0.000732,1.0271
17:05:39,0.199707,-0.033447,0.980713
17:05:39,0.111328,-0.092285,0.889648
17:05:39,-0.003662,-0.154785,1.056396
17:05:39,-0.180176,-0.123535,1.019287
17:05:39,-0.021484,-0.163086,1.013428
17:05:39,1.109619,-0.341309,1.211426
17:05:39,1.842529,-0.425293,0.916504
17:05:39,2.560059,-0.478516,1.081299
17:05:39,2.906738,-0.494629,1.318604
17:05:39,3.02002,-0.445313,1.558838
17:05:39,2.945801,-0.044189,2.299561
17:05:39,2.657715,0.580811,2.150146
17:05:39,1.880859,0.916992,0.41333
17:05:39,2.438232,1.349609,1.788574
17:05:39,2.221191,1.55835,2.563477
17:05:39,0.709473,1.239502,1.082764
17:05:39,-0.123779,0.963867,0.925537
17:05:39,-0.611816,0.831543,1.44873
17:05:39,-0.635254,0.63623,1.813965
17:05:39,-0.005127,0.471436,1.62085
17:05:39,0.772949,0.447754,0.970947
17:05:39,1.285889,0.474854,0.533203
17:05:39,1.335693,0.420654,0.343018
17:05:39,1.000732,0.269775,0.363525
17:05:39,0.621338,0.154053,0.515137
17:05:39,0.413818,0.051758,0.578613
17:05:39,0.415771,-0.026611,0.612305
17:05:39,0.57373,-0.028564,0.588379
17:05:39,0.784912,0.019043,0.546631
17:05:40,0.973877,0.046875,0.595703
17:05:40,1.133545,0.031738,0.698242
17:05:40,1.296387,0.015625,0.819824
17:05:40,1.43335,0.023682,0.863281
17:05:40,1.546143,0.086182,0.789795
17:05:40,1.607666,0.209717,0.794434
17:05:40,1.591553,0.376709,0.774902
17:05:40,1.521484,0.514404,0.808838
17:05:40,1.587402,0.610596,1.037842
17:05:40,1.830566,0.636719,1.120361
17:05:40,2.259277,0.577393,1.030762
17:05:40,2.701416,0.626953,0.742188
17:05:40,3.080811,0.77002,0.247803
17:05:40,3.30127,0.840576,-0.353516
17:05:40,3.224365,0.575684,-0.759521
17:05:40,2.994873,0.101563,-0.917725
17:05:40,2.716797,-0.221924,-1.194092
17:05:40,2.36084,-0.351074,-1.679932
17:05:40,2.057373,-0.446045,-2.121094
17:05:40,1.928467,-0.61499,-2.461426
17:05:40,2.119629,-0.86792,-2.608643
17:05:40,2.48999,-1.198242,-2.292969
17:05:40,2.456543,-1.349854,-1.575195
17:05:40,2.020752,-1.057373,-0.785645
17:05:40,1.623779,-0.362793,-0.014893
17:05:40,1.693115,0.002197,2.041504
17:05:40,-0.984375,-0.053467,2.366211
17:05:40,-4.127441,-1.351563,1.754883
17:05:40,-2.119629,-0.335693,3.51123
17:05:40,-0.034424,0.174072,1.578125
17:05:40,1.060547,0.237061,-0.759277
17:05:40,4.066162,0.079834,-0.690918
17:05:40,4.419922,0.38623,-0.388916
17:05:40,3.170654,1.227783,-1.123779
17:05:40,2.388428,1.727051,-0.141113
17:05:40,1.200195,1.446045,0.556396
17:05:40,0.234619,1.193359,0.537842
17:05:40,-0.160156,0.970947,1.023193
17:05:40,-0.312988,0.652832,1.193115
17:05:40,-0.257568,0.290039,0.937744
17:05:40,0.14502,0.099365,0.760742
17:05:40,0.74292,0.061523,0.793945
17:05:40,1.203125,-0.083984,0.616455
17:05:40,1.343018,-0.314209,0.29248
17:05:40,1.237793,-0.498291,0.413574
17:05:40,0.921387,-0.613525,0.732666
17:05:40,0.558594,-0.670898,0.866455
17:05:40,0.36084,-0.705322,0.963623
17:05:40,0.287842,-0.65918,1.003174
17:05:40,0.395508,-0.498779,0.954102
17:05:40,0.597168,-0.306885,0.810547
17:05:40,0.722412,-0.123779,0.704102
17:05:40,0.765869,0.05249,0.654297
17:05:40,0.778809,0.188477,0.618652
17:05:40,0.720459,0.266846,0.628906
17:05:40,0.642822,0.322021,0.658447
17:05:40,0.570801,0.361328,0.657959
17:05:40,0.529785,0.340332,0.688965
17:05:40,0.530762,0.23584,0.718506
17:05:40,0.57373,0.118408,0.703613
17:05:40,0.632813,0.014648,0.701904
17:05:40,0.680176,-0.092773,0.718262
17:05:40,0.714844,-0.159668,0.705566
17:05:40,0.725098,-0.209961,0.69873
17:05:40,0.687988,-0.236816,0.727539
17:05:40,0.636719,-0.216064,0.733643
17:05:40,0.611084,-0.187988,0.743164
17:05:40,0.603516,-0.134033,0.766113
17:05:40,0.627197,-0.078613,0.751221
17:05:40,0.650635,-0.034424,0.707764
17:05:40,0.671143,-0.043701,0.711182
17:05:40,0.660889,-0.078613,0.756836
17:05:40,0.624756,-0.068115,0.8125
17:05:40,0.595947,-0.027832,0.832275
17:05:40,0.554932,-0.007813,0.786377
17:05:40,0.519531,-0.019043,0.754639
17:05:40,0.510254,-0.081543,0.860107
17:05:40,0.489502,-0.166504,1.015381
17:05:40,0.453857,-0.206299,1.00415
17:05:40,0.437744,-0.248291,0.905762
17:05:40,0.458984,-0.274414,0.844238
17:05:40,0.406982,-0.281738,0.880127
17:05:40,0.194336,-0.222656,0.983398
17:05:40,-0.064697,-0.071289,0.947021
17:05:40,-0.140869,-0.086426,0.877686
17:05:40,0.986572,-0.367676,1.342041
17:05:40,1.529053,-0.267334,1.172363
17:05:40,2.614258,-0.462891,1.35791
17:05:40,2.963379,-0.587646,1.224365
17:05:40,3.418701,-0.61377,1.519287
17:05:40,3.272705,-0.45459,2.114746
17:05:40,3.007568,0.47998,2.308838
17:05:40,1.798096,0.888184,0.407959
17:05:40,2.423828,1.656006,1.315186
17:05:40,2.338135,2.147217,2.202637
17:05:40,0.999512,1.726563,1.128174
17:05:40,-0.016113,1.221191,0.775391
17:05:40,-0.557617,1.035156,1.349365
17:05:40,-0.733643,0.866943,1.567871
17:05:41,-0.303223,0.690918,1.299561
17:05:41,0.386963,0.637207,0.92627
17:05:41,0.934082,0.638428,0.633545
17:05:41,1.184814,0.570801,0.470459
17:05:41,1.089111,0.396729,0.479492
17:05:41,0.856934,0.200928,0.60083
17:05:41,0.716064,0.064209,0.681152
17:05:41,0.726318,-0.007568,0.628662
17:05:41,0.8125,0.010254,0.496826
17:05:41,0.869629,0.02417,0.427734
17:05:41,0.858154,-0.057373,0.511719
17:05:41,0.893066,-0.147217,0.649658
17:05:41,1.041992,-0.19751,0.798584
17:05:41,1.2854,-0.199219,0.882324
17:05:41,1.56665,-0.124756,0.832031
17:05:41,1.761475,0.047607,0.713135
17:05:41,1.827881,0.284424,0.702881
17:05:41,1.755859,0.503662,0.701416
17:05:41,1.609131,0.701416,0.738281
17:05:41,1.708008,0.808594,1.134277
17:05:41,2.151123,0.781006,1.368408
17:05:41,2.793701,0.701172,1.107422
17:05:41,3.179199,0.688477,0.437012
17:05:41,3.180176,0.634033,-0.279785
17:05:41,2.935547,0.304932,-0.547607
17:05:41,2.71167,-0.202881,-0.636719
17:05:41,2.637939,-0.609863,-0.92334
17:05:41,2.665283,-0.767578,-1.494629
17:05:41,2.54126,-0.712158,-1.998779
17:05:41,2.378418,-0.591797,-2.437012
17:05:41,2.412109,-0.613281,-2.737549
17:05:41,2.453613,-0.671875,-2.686768
17:05:41,2.357666,-0.5625,-2.078857
17:05:41,2.256836,-0.418701,-1.238281
17:05:41,2.304443,-0.108643,-0.357178
17:05:41,2.280762,0.845947,2.14917
17:05:41,-0.353271,1.022705,3.593994
17:05:41,-5.141846,-0.429443,0.987549
17:05:41,-4.075195,-0.637451,1.702148
17:05:41,0.901367,-0.358643,3.430664
17:05:41,1.787354,-0.347412,0.195557
17:05:41,3.716064,-0.499023,-1.406006
17:05:41,5.187012,-0.343018,-1.24585
17:05:41,3.303223,0.241699,-0.425293
17:05:41,2.084229,0.535156,0.891357
17:05:41,1.083252,0.842529,0.577148
17:05:41,0.793945,0.818604,1.090088
17:05:41,0.31543,0.704346,1.083252
17:05:41,0.032471,0.592041,0.848877
17:05:41,0.188232,0.400879,0.872314
17:05:41,0.430908,0.251465,0.830566
17:05:41,0.674561,0.141846,0.668945
17:05:41,0.937744,0.041748,0.651611
17:05:41,1.022705,-0.0979,0.614258
17:05:41,0.885498,-0.181396,0.630127
17:05:41,0.740723,-0.249512,0.748535
17:05:41,0.589111,-0.328857,0.846436
17:05:41,0.472412,-0.347656,0.861328
17:05:41,0.478516,-0.317627,0.886719
17:05:41,0.541016,-0.227783,0.866455
17:05:41,0.625,-0.091553,0.757813
17:05:41,0.707031,0.020264,0.708984
17:05:41,0.723633,0.096436,0.70459
17:05:41,0.686035,0.149902,0.688477
17:05:41,0.641113,0.185059,0.706543
17:05:41,0.61084,0.187988,0.694336
17:05:41,0.587646,0.161133,0.703369
17:05:41,0.60083,0.103027,0.751953
17:05:41,0.627441,0.026611,0.711182
17:05:41,0.63208,-0.03125,0.703857
17:05:41,0.678223,-0.091797,0.720215
17:05:41,0.688477,-0.145264,0.71875
17:05:41,0.6875,-0.139893,0.71875
17:05:41,0.687012,-0.123291,0.71875
17:05:41,0.672119,-0.064209,0.71875
17:05:41,0.658203,-0.005615,0.71875
17:05:41,0.627441,0.056396,0.720947
17:05:41,0.624512,0.081299,0.688232
17:05:41,0.625,0.04541,0.709717
17:05:41,0.623047,-0.010986,0.739014
17:05:41,0.63916,-0.090088,0.7854
17:05:41,0.629639,-0.134033,0.810547
17:05:41,0.626221,-0.155762,0.815674
17:05:41,0.607422,-0.14917,0.813477
17:05:41,0.630859,-0.12915,0.743408
17:05:41,0.697754,-0.121094,0.682373
17:05:41,0.696533,-0.135986,0.858398
17:05:41,0.564453,-0.142334,1.159668
17:05:41,0.367432,-0.089844,1.158447
17:05:41,0.257568,-0.05957,0.99707
17:05:41,0.224854,-0.085205,0.968994
17:05:41,0.19458,-0.10791,1.019043
17:05:41,0.183838,-0.098145,1.024414
17:05:41,0.091797,-0.007568,0.888672
17:05:41,-0.244385,0.114746,0.81665
17:05:41,0.028809,0.094238,0.987305
17:05:41,1.555664,-0.137451,1.237793
17:05:41,1.855957,-0.133057,0.964844
17:05:41,2.386963,-0.080811,1.139648
17:05:41,2.919434,-0.143799,1.377686
17:05:41,3.223633,-0.131104,1.583496
17:05:42,3.328613,-0.147705,2.247559
17:05:42,3.1604,0.431152,2.139893
17:05:42,2.187012,0.760986,0.601807
17:05:42,3.247559,1.237061,2.459717
17:05:42,1.992432,1.316162,2.053955
17:05:42,0.570801,0.932373,1.055908
17:05:42,-0.235596,0.703857,1.229004
17:05:42,-0.686768,0.59668,1.810791
17:05:42,-0.636475,0.536133,2.04126
17:05:42,-0.013672,0.522217,1.475342
17:05:42,0.664063,0.630127,0.750977
17:05:42,1.075439,0.739014,0.312988
17:05:42,0.943604,0.592529,0.175537
17:05:42,0.469482,0.283936,0.306396
17:05:42,0.090088,0.029785,0.472656
17:05:42,-0.043213,-0.182373,0.657471
17:05:42,0.174316,-0.320068,0.915771
17:05:42,0.722412,-0.417969,1.066406
17:05:42,1.3125,-0.575439,0.917969
17:05:42,1.699219,-0.717529,0.657959
17:05:42,1.706787,-0.767578,0.65918
17:05:42,1.413086,-0.672119,0.819336
17:05:42,1.227051,-0.445801,0.886475
17:05:42,1.248291,-0.20459,0.851563
17:05:42,1.409424,-0.022705,0.877197
17:05:42,1.65625,0.143311,1.045166
17:05:42,1.993164,0.345947,1.217529
17:05:42,2.273926,0.575195,0.952148
17:05:42,2.561768,0.806885,0.647705
17:05:42,2.73291,0.943115,0.36084
17:05:42,2.968262,0.953125,0.25
17:05:42,3.16333,0.727295,0.068848
17:05:42,3.223877,0.296387,-0.334229
17:05:42,3.130859,-0.189941,-0.969727
17:05:42,2.890137,-0.536621,-1.503174
17:05:42,2.516357,-0.758545,-1.686035
17:05:42,2.210449,-0.783447,-1.918945
17:05:42,1.953369,-0.70874,-2.236816
17:05:42,2.100098,-0.746826,-2.571533
17:05:42,2.261475,-0.759033,-2.741211
17:05:42,2.253662,-0.778564,-2.113525
17:05:42,2.255859,-0.681641,-1.257568
17:05:42,2.04541,-0.343262,-0.935547
17:05:42,2.437256,0.018066,1.085938
17:05:42,1.557129,0.519775,3.414063
17:05:42,-3.152832,-0.300781,1.492432
17:05:42,-4.496582,-0.57373,1.804199
17:05:42,-0.956543,0.561279,3.555176
17:05:42,0.518311,0.481201,0.098877
17:05:42,2.546875,0.445557,-1.192383
17:05:42,4.971924,0.662598,-0.710938
17:05:42,4.324951,1.091797,-1.150635
17:05:42,2.911621,1.392822,-0.64209
17:05:42,1.625488,1.14624,0.51709
17:05:42,0.475098,0.756592,0.85083
17:05:42,0.017822,0.562988,1.114746
17:05:42,-0.161133,0.214355,1.219971
17:05:42,-0.131104,-0.022461,1.051025
17:05:42,0.062744,-0.162109,0.746338
17:05:42,0.551514,-0.263184,0.905518
17:05:42,0.989014,-0.351318,0.813232
17:05:42,1.167236,-0.443848,0.549805
17:05:42,1.127197,-0.480225,0.540039
17:05:42,0.917236,-0.503174,0.693604
17:05:42,0.573975,-0.475586,0.843994
17:05:42,0.368896,-0.391113,0.94751
17:05:42,0.376953,-0.218506,0.946289
17:05:42,0.515869,-0.056396,0.788086
17:05:42,0.679443,0.037842,0.695068
17:05:42,0.752686,0.104248,0.665771
17:05:42,0.756836,0.147461,0.632324
17:05:42,0.687744,0.17041,0.678955
17:05:42,0.598389,0.167236,0.748535
17:05:42,0.556396,0.150146,0.73999
17:05:42,0.57666,0.131104,0.705322
17:05:42,0.634277,0.083008,0.70752
17:05:42,0.669189,0.025146,0.723877
17:05:42,0.675293,-0.02417,0.704834
17:05:42,0.666748,-0.09082,0.691895
17:05:42,0.653809,-0.138672,0.727783
17:05:42,0.65625,-0.144287,0.736572
17:05:42,0.655518,-0.135986,0.734863
17:05:42,0.658936,-0.094482,0.732666
17:05:42,0.673584,-0.034912,0.709717
17:05:42,0.671875,-0.013916,0.666992
17:05:42,0.671875,-0.035889,0.674072
17:05:42,0.670898,-0.082275,0.706543
17:05:42,0.656006,-0.125488,0.750488
17:05:42,0.656006,-0.125,0.749512
17:05:42,0.657715,-0.126465,0.764648
17:05:42,0.626465,-0.097656,0.765625
17:05:42,0.639648,-0.081055,0.763916
17:05:42,0.636719,-0.064453,0.776855
17:05:42,0.56958,-0.057861,0.772461
17:05:42,0.503906,-0.077881,0.920898
17:05:42,0.439697,-0.136719,1.023438
17:05:42,0.400635,-0.181885,1.05127
17:05:42,0.367432,-0.1875,0.960693
17:05:42,0.375,-0.199463,0.902588
17:05:42,0.318604,-0.217529,0.906738
17:05:43,0.128174,-0.100342,0.884521
17:05:43,-0.353271,0.028076,0.898926
17:05:43,0.347168,-0.130371,1.181885
17:05:43,1.134766,-0.325928,1.092529
17:05:43,1.620605,-0.324951,1.263184
17:05:43,2.307617,-0.159424,1.520996
17:05:43,2.168457,-0.008301,0.98877
17:05:43,2.703369,-0.000732,1.160889
17:05:43,2.94458,0.294922,1.830078
17:05:43,3.153809,0.66626,2.568115
17:05:43,2.774658,1.029785,0.987061
17:05:43,2.725098,1.361084,0.437744
17:05:43,3.071045,1.828369,2.62915
17:05:43,1.314941,1.456787,1.34082
17:05:43,0.209229,0.960938,0.818604
17:05:43,-0.525879,0.668945,1.120361
17:05:43,-0.827881,0.483398,1.595215
17:05:43,-0.503662,0.273438,1.838623
17:05:43,0.190918,0.22998,1.328369
17:05:43,0.883301,0.309082,0.679688
17:05:43,1.38916,0.43335,0.337891
17:05:43,1.364014,0.384521,0.18042
17:05:43,0.895996,0.208008,0.275146
17:05:43,0.4729,0.061768,0.529297
17:05:43,0.32373,-0.022949,0.66626
17:05:43,0.452148,-0.031494,0.680176
17:05:43,0.737549,0.018311,0.59375
17:05:43,1.014893,0.039307,0.535645
17:05:43,1.167969,-0.029541,0.613281
17:05:43,1.243408,-0.131348,0.778564
17:05:43,1.378418,-0.177734,0.900635
17:05:43,1.549072,-0.131836,0.895508
17:05:43,1.659912,0.009521,0.832031
17:05:43,1.706787,0.187012,0.83667
17:05:43,1.724365,0.32666,0.935547
17:05:43,1.811035,0.412354,1.076416
17:05:43,2.050293,0.375977,1.165039
17:05:43,2.440674,0.209961,1.138428
17:05:43,2.874023,0.127441,0.95752
17:05:43,3.066406,0.193359,0.447266
17:05:43,3.06665,0.254883,-0.177979
17:05:43,2.899902,0.146973,-0.706787
17:05:43,2.701416,-0.130127,-0.984131
17:05:43,2.531494,-0.26123,-1.217773
17:05:43,2.447021,-0.296631,-1.519287
17:05:43,2.312988,-0.249512,-1.974121
17:05:43,2.38623,-0.337402,-2.543457
17:05:43,2.390625,-0.375732,-3.158447
17:05:43,2.597168,-0.525146,-3.12915
17:05:43,2.690918,-0.743652,-1.884766
17:05:43,2.398682,-0.813232,-0.549316
17:05:43,2.40918,-0.260498,0.482422
17:05:43,1.979492,0.442627,2.659912
17:05:43,-1.834229,-0.411133,2.125244
17:05:43,-4.645752,-0.977295,2.404053
17:05:43,-1.851318,-0.332031,3.457031
17:05:43,0.249756,0.062256,1.299561
17:05:43,1.999023,0.088623,-1.340088
17:05:43,5.063232,0.255859,-1.061768
17:05:43,4.800049,0.735107,-0.980713
17:05:43,2.717529,1.389404,-0.915771
17:05:43,1.710693,1.52002,0.487793
17:05:43,0.601074,1.192139,0.896729
17:05:43,-0.077148,0.97168,0.901855
17:05:43,-0.244385,0.699951,1.216553
17:05:43,-0.254395,0.367432,1.034912
17:05:43,-0.018066,0.137207,0.802002
17:05:43,0.498535,-0.007568,0.751465
17:05:43,1.035156,-0.103027,0.672852
17:05:43,1.354004,-0.301514,0.432861
17:05:43,1.319824,-0.501953,0.351318
17:05:43,1.010254,-0.612549,0.582275
17:05:43,0.628174,-0.725586,0.829102
17:05:43,0.431885,-0.750244,0.924561
17:05:43,0.250977,-0.753662,1.029053
17:05:43,0.371826,-0.585449,1.029297
17:05:43,0.563232,-0.350342,0.795166
17:05:43,0.743652,-0.131348,0.68457
17:05:43,0.800781,0.016357,0.628662
17:05:43,0.77002,0.12915,0.634033
17:05:43,0.698486,0.214355,0.651123
17:05:43,0.616943,0.270508,0.66626
17:05:43,0.555908,0.302002,0.681396
17:05:43,0.541016,0.282959,0.698975
17:05:43,0.547363,0.195313,0.704346
17:05:43,0.592041,0.071045,0.703125
17:05:43,0.662354,-0.046143,0.705078
17:05:43,0.711182,-0.149658,0.694824
17:05:43,0.726318,-0.218506,0.681641
17:05:43,0.708008,-0.256592,0.70166
17:05:43,0.671387,-0.269775,0.723145
17:05:43,0.646973,-0.229248,0.717285
17:05:43,0.630127,-0.161133,0.726563
17:05:43,0.631348,-0.099121,0.726807
17:05:43,0.665039,-0.041016,0.698486
17:05:43,0.675293,-0.003662,0.70166
17:05:43,0.665771,-0.001709,0.708984
17:05:43,0.633545,-0.047852,0.740234
17:05:43,0.625,-0.121582,0.753418
17:05:43,0.645508,-0.14502,0.768555
17:05:44,0.671875,-0.154785,0.782227
17:05:44,0.635986,-0.123779,0.780273
17:05:44,0.546631,-0.125,0.765625
17:05:44,0.503906,-0.154053,0.911133
17:05:44,0.432373,-0.186279,1.083496
17:05:44,0.34082,-0.172363,1.093018
17:05:44,0.282959,-0.178467,0.950195
17:05:44,0.313232,-0.245117,0.987549
17:05:44,0.280273,-0.229248,0.989746
17:05:44,0.19165,-0.128906,1.003174
17:05:44,-0.220703,0.004883,0.819336
17:05:44,0.478516,-0.179688,1.178711
17:05:44,0.710205,-0.313965,1.057129
17:05:44,0.967285,-0.182617,1.234375
17:05:44,2.205811,-0.223389,1.529541
17:05:44,2.720459,-0.364258,0.90625
17:05:44,3.085449,-0.442139,0.987061
17:05:44,3.596436,-0.524414,2.047363
17:05:44,3.244629,-0.055176,2.468262
17:05:44,2.589111,0.746826,1.289063
17:05:44,2.88208,1.462158,0.89209
17:05:44,3.138184,2.132813,1.866455
17:05:44,1.437256,1.856689,0.809082
17:05:44,0.03418,1.099609,0.540527
17:05:44,-0.747803,0.604492,0.987793
17:05:44,-0.971191,0.258545,1.428467
17:05:44,-0.63208,0.041992,1.654053
17:05:44,-0.018066,-0.040039,1.315186
17:05:44,0.658203,0.00708,0.772217
17:05:44,1.246094,0.047607,0.504639
17:05:44,1.595703,0.013672,0.332275
17:05:44,1.290039,-0.030518,0.063232
17:05:44,0.776611,-0.032471,0.248047
17:05:44,0.339355,-0.003418,0.434814
17:05:44,0.136475,0.01123,0.499268
17:05:44,0.247803,0.039063,0.61792
17:05:44,0.643066,0.074951,0.684082
17:05:44,1.130127,0.071289,0.677002
17:05:44,1.527344,0.036133,0.679932
17:05:44,1.734619,0.029053,0.625
17:05:44,1.687744,0.082031,0.60376
17:05:44,1.533447,0.188477,0.662354
17:05:44,1.483887,0.322266,0.762695
17:05:44,1.553223,0.523438,0.835449
17:05:44,1.668213,0.780762,0.789795
17:05:44,1.783203,0.978516,0.722412
17:05:44,1.973877,0.918945,0.802734
17:05:44,2.384033,0.594238,1.011719
17:05:44,2.899414,0.286133,0.885498
17:05:44,3.20752,0.115234,0.172852
17:05:44,3.227295,-0.071777,-0.577148
17:05:44,3.078369,-0.376709,-1.006836
17:05:44,2.850586,-0.69751,-1.194824
17:05:44,2.612793,-0.823975,-1.433594
17:05:44,2.274414,-0.663818,-1.830078
17:05:44,2.030518,-0.310547,-2.143555
17:05:44,2.141602,-0.207764,-2.585693
17:05:44,2.385986,-0.311768,-2.820068
17:05:44,2.472412,-0.631104,-2.280029
17:05:44,2.41333,-0.726318,-1.047852
17:05:44,1.824707,-0.031738,-0.040527
17:05:44,2.011475,0.732422,2.181152
17:05:44,-0.706543,0.448975,3.197021
17:05:44,-4.62793,-0.963379,0.327393
17:05:44,-1.992676,-0.783203,2.645264
17:05:44,0.617188,-0.692627,2.567871
17:05:44,1.912109,-0.540771,-0.204834
17:05:44,3.775635,-0.817627,-0.958984
17:05:44,3.749023,-0.576416,-0.661865
17:05:44,2.503174,-0.003418,0.192139
17:05:44,1.821777,0.537842,0.819824
17:05:44,1.335938,0.984863,0.349365
17:05:44,1.023438,1.202393,0.653076
17:05:44,0.849609,1.177734,1.142822
17:05:44,0.508301,0.908447,0.585449
17:05:44,0.362549,0.586426,0.337402
17:05:44,0.508057,0.345703,0.717773
17:05:44,0.613281,0.135986,0.826904
17:05:44,0.668457,-0.041504,0.644043
17:05:44,0.768066,-0.247803,0.622803
17:05:44,0.836914,-0.405518,0.724609
17:05:44,0.748291,-0.55127,0.739502
17:05:44,0.657471,-0.64917,0.76416
17:05:44,0.636963,-0.657959,0.824951
17:05:44,0.556641,-0.605225,0.850586
17:05:44,0.597412,-0.452148,0.853027
17:05:44,0.614746,-0.256592,0.770508
17:05:44,0.674561,-0.098145,0.700439
17:05:44,0.6875,0.031982,0.702881
17:05:44,0.703369,0.134766,0.657715
17:05:44,0.674805,0.211182,0.656738
17:05:44,0.659912,0.260254,0.64209
17:05:44,0.63208,0.284424,0.638672
17:05:44,0.598145,0.255615,0.649658
17:05:44,0.590576,0.162109,0.679443
17:05:44,0.598877,0.040283,0.698486
17:05:44,0.639648,-0.070068,0.717529
17:05:44,0.67627,-0.187256,0.706543
17:05:44,0.708008,-0.247559,0.714355
17:05:44,0.735596,-0.261719,0.708008
17:05:45,0.726318,-0.226563,0.708252
17:05:45,0.669434,-0.139404,0.735352
17:05:45,0.618896,-0.043945,0.709961
17:05:45,0.593994,0.007568,0.685059
17:05:45,0.60376,-0.01001,0.720703
17:05:45,0.632568,-0.077881,0.729248
17:05:45,0.651855,-0.162842,0.725342
17:05:45,0.688232,-0.226318,0.768799
17:05:45,0.701904,-0.236084,0.774414
17:05:45,0.689453,-0.20874,0.708008
17:05:45,0.711182,-0.180664,0.702393
17:05:45,0.679688,-0.165527,0.858643
17:05:45,0.523682,-0.128662,1.062988
17:05:45,0.371338,-0.05957,1.248291
17:05:45,0.229004,0.024902,1.112793
17:05:45,0.14624,0.028076,0.928955
17:05:45,0.073975,-0.032471,0.987305
17:05:45,0.001221,-0.015869,1.046875
17:05:45,-0.125244,0.032227,0.967773
17:05:45,0.347656,-0.02832,1.073242
17:05:45,0.870605,-0.230713,1.020996
17:05:45,0.785889,-0.071045,0.970947
17:05:45,2.077393,-0.064453,1.666504
17:05:45,2.901855,-0.289063,1.152588
17:05:45,3.443604,-0.376709,1.116943
17:05:45,3.644043,-0.585449,2.195313
17:05:45,3.102783,0.007324,2.704346
17:05:45,2.141602,0.718262,1.267822
17:05:45,2.552002,1.386963,1.212402
17:05:45,2.697021,1.88623,1.963135
17:05:45,1.453125,1.622803,1.187988
17:05:45,0.15918,1.041504,0.656006
17:05:45,-0.58374,0.707764,1.167725
17:05:45,-0.811523,0.501221,1.69458
17:05:45,-0.439453,0.319092,1.783447
17:05:45,0.294922,0.247803,1.250732
17:05:45,0.935791,0.297119,0.614258
17:05:45,1.348633,0.313721,0.271484
17:05:45,1.312256,0.219482,0.240479
17:05:45,0.887207,0.049316,0.30249
17:05:45,0.506348,-0.04541,0.500244
17:05:45,0.312988,-0.129883,0.627197
17:05:45,0.407959,-0.177002,0.710693
17:05:45,0.703613,-0.147461,0.661621
17:05:45,1.011963,-0.052246,0.571045
17:05:45,1.224121,0.049805,0.530518
17:05:45,1.29541,0.107422,0.544678
17:05:45,1.29541,0.152344,0.645508
17:05:45,1.317383,0.183838,0.756836
17:05:45,1.409912,0.198486,0.763916
17:05:45,1.555908,0.220947,0.790039
17:05:45,1.702148,0.274902,0.804443
17:05:45,1.789795,0.437256,0.838623
17:05:45,1.836182,0.627441,0.899414
17:05:45,2.009033,0.744629,1.04126
17:05:45,2.443115,0.673584,1.150879
17:05:45,2.972168,0.528564,0.92749
17:05:45,3.240479,0.466309,0.220703
17:05:45,3.12207,0.352295,-0.543701
17:05:45,2.848877,-0.002686,-0.796631
17:05:45,2.677734,-0.473389,-0.820068
17:05:45,2.600586,-0.723877,-1.100586
17:05:45,2.455566,-0.662598,-1.677734
17:05:45,2.413574,-0.626709,-2.345215
17:05:45,2.508789,-0.77417,-2.911133
17:05:45,2.45874,-0.87793,-3.119141
17:05:45,2.380127,-0.94043,-2.336914
17:05:45,2.237793,-0.978516,-1.084229
17:05:45,2.182861,-0.711914,-0.3396
17:05:45,2.259277,0.115967,1.569336
17:05:45,1.417725,0.768066,4.435547
17:05:45,-3.068604,-0.179688,2.038818
17:05:45,-6.326416,-0.865967,-1.422363
17:05:45,-0.55249,0.231934,4.256836
17:05:45,0.878906,0.232666,1.838135
17:05:45,1.629883,0.010986,-0.492188
17:05:45,3.580811,-0.185059,-2.019775
17:05:45,4.125732,-0.09082,-0.734131
17:05:45,2.749268,0.401123,0.560059
17:05:45,1.894775,0.906006,0.400146
17:05:45,1.246826,0.989258,0.411133
17:05:45,0.822998,0.960693,0.979736
17:05:45,0.484131,0.818359,1.09375
17:05:45,0.302246,0.50293,0.907959
17:05:45,0.353027,0.270508,0.669189
17:05:45,0.562744,0.143799,0.71875
17:05:45,0.817383,0.031982,0.794189
17:05:45,0.944824,-0.12085,0.610107
17:05:45,0.942871,-0.284424,0.569092
17:05:45,0.860352,-0.395752,0.709961
17:05:45,0.706055,-0.494141,0.778564
17:05:45,0.560303,-0.542725,0.821289
17:05:45,0.480713,-0.509277,0.860596
17:05:45,0.499268,-0.41748,0.849121
17:05:45,0.598877,-0.260986,0.795166
17:05:45,0.686035,-0.131348,0.743164
17:05:45,0.732422,0.008789,0.686035
17:05:45,0.730469,0.091309,0.671387
17:05:45,0.697021,0.178955,0.687256
17:05:45,0.684326,0.250488,0.666016
17:05:46,0.66626,0.303955,0.637695
17:05:46,0.619141,0.310547,0.642578
17:05:46,0.57666,0.26123,0.672607
17:05:46,0.577881,0.172363,0.671631
17:05:46,0.605957,0.055176,0.686279
17:05:46,0.665283,-0.050049,0.700928
17:05:46,0.698975,-0.130615,0.717041
17:05:46,0.720215,-0.168701,0.718994
17:05:46,0.695313,-0.17627,0.714844
17:05:46,0.676025,-0.155273,0.745361
17:05:46,0.661377,-0.10083,0.743896
17:05:46,0.644043,-0.031738,0.710938
17:05:46,0.641846,0.003906,0.693848
17:05:46,0.632568,-0.01416,0.72876
17:05:46,0.616211,-0.048584,0.775635
17:05:46,0.594238,-0.079346,0.770996
17:05:46,0.600342,-0.114258,0.782715
17:05:46,0.662598,-0.126709,0.794678
17:05:46,0.69751,-0.132324,0.758789
17:05:46,0.647217,-0.142578,0.787598
17:05:46,0.550293,-0.14502,0.971436
17:05:46,0.431396,-0.123291,1.164063
17:05:46,0.312256,-0.08667,1.151367
17:05:46,0.204102,-0.09668,1.027588
17:05:46,0.118164,-0.085205,0.990967
17:05:46,0.065186,-0.025635,1.004883
17:05:46,-0.061279,0.059082,0.969727
17:05:46,-0.033203,0.107422,0.891113
17:05:46,0.607422,-0.020996,1.078369
17:05:46,1.376709,-0.187256,1.043701
17:05:46,1.597656,-0.005127,1.061279
17:05:46,2.309326,0.015137,1.296631
17:05:46,2.950439,-0.030762,1.058594
17:05:46,3.55127,-0.002197,1.523438
17:05:46,3.241699,-0.020752,2.182373
17:05:46,2.999268,0.419922,2.215332
17:05:46,2.359131,0.793945,0.25415
17:05:46,3.236572,1.377686,1.87207
17:05:46,2.306152,1.529541,1.963867
17:05:46,0.911621,1.132813,0.954834
17:05:46,-0.049072,0.749023,0.898438
17:05:46,-0.641846,0.5271,1.427246
17:05:46,-0.810791,0.322754,1.884766
17:05:46,-0.411621,0.160156,1.720215
17:05:46,0.259033,0.137939,1.100098
17:05:46,0.858398,0.214844,0.663086
17:05:46,1.284424,0.236328,0.519531
17:05:46,1.355713,0.128662,0.460205
17:05:46,1.0625,-0.012939,0.459961
17:05:46,0.721436,-0.099854,0.53125
17:05:46,0.531982,-0.142822,0.575439
17:05:46,0.476563,-0.169678,0.541748
17:05:46,0.551514,-0.19458,0.524658
17:05:46,0.765381,-0.21167,0.630127
17:05:46,1.041016,-0.24707,0.724365
17:05:46,1.309082,-0.265381,0.77417
17:05:46,1.507324,-0.191162,0.847412
17:05:46,1.574219,-0.013428,0.788574
17:05:46,1.595703,0.146729,0.765625
17:05:46,1.594238,0.2771,0.799805
17:05:46,1.610107,0.408691,0.844971
17:05:46,1.693359,0.555664,0.945313
17:05:46,1.959717,0.668945,1.150146
17:05:46,2.347168,0.625977,1.077148
17:05:46,2.811035,0.511963,0.882813
17:05:46,3.111572,0.404053,0.51416
17:05:46,3.1521,0.209717,0.014648
17:05:46,3.045898,-0.105713,-0.389648
17:05:46,2.935791,-0.382324,-0.763184
17:05:46,2.738281,-0.461914,-1.201904
17:05:46,2.500244,-0.242188,-1.749756
17:05:46,2.248779,-0.096924,-2.227539
17:05:46,2.112061,-0.220703,-2.669922
17:05:46,2.397949,-0.418457,-3.135742
17:05:46,2.607178,-0.699951,-2.941406
17:05:46,2.565674,-0.9729,-1.825928
17:05:46,2.271484,-0.981689,-0.661621
17:05:46,2.225342,-0.62085,0.698242
17:05:46,1.989502,0.027832,3.018311
17:05:46,-1.437012,-0.331787,2.857178
17:05:46,-5.032227,-1.163818,0.713623
17:05:46,-2.689697,-0.265869,2.498535
17:05:46,0.676514,0.13916,2.531006
17:05:46,1.800537,0.176025,0.101807
17:05:46,4.055908,-0.075928,-1.096191
17:05:46,4.905029,0.539063,-1.92627
17:05:46,3.732178,1.088379,-0.415771
17:05:46,1.944092,1.21875,0.260742
17:05:46,0.958008,1.019043,0.415771
17:05:46,0.283447,0.828857,0.997803
17:05:46,-0.013428,0.658447,1.37085
17:05:46,-0.229004,0.348633,1.152344
17:05:46,-0.161865,0.121582,0.78418
17:05:46,0.216064,0.014404,0.747314
17:05:46,0.709717,-0.022217,0.875
17:05:46,1.108398,-0.148926,0.681885
17:05:46,1.260742,-0.320068,0.383789
17:05:46,1.159668,-0.472168,0.503662
17:05:46,0.806152,-0.584717,0.737305
17:05:46,0.464111,-0.650879,0.868896
17:05:47,0.300049,-0.604004,0.989502
17:05:47,0.352539,-0.491211,0.96167
17:05:47,0.528076,-0.32666,0.829102
17:05:47,0.689941,-0.145508,0.73584
17:05:47,0.769043,-0.016602,0.661133
17:05:47,0.764648,0.082275,0.635254
17:05:47,0.701172,0.152832,0.671143
17:05:47,0.638428,0.19458,0.693359
17:05:47,0.599365,0.234375,0.679688
17:05:47,0.552246,0.229492,0.678955
17:05:47,0.564941,0.157227,0.70752
17:05:47,0.584717,0.042236,0.70166
17:05:47,0.625,-0.063965,0.709717
17:05:47,0.680908,-0.164795,0.735596
17:05:47,0.691406,-0.230225,0.714844
17:05:47,0.701416,-0.252686,0.703125
17:05:47,0.669434,-0.247559,0.720215
17:05:47,0.655518,-0.200439,0.734863
17:05:47,0.640869,-0.127197,0.749756
17:05:47,0.626221,-0.023193,0.735107
17:05:47,0.611572,0.04126,0.736328
17:05:47,0.59668,0.065674,0.702393
17:05:47,0.578369,0.034912,0.73877
17:05:47,0.588379,-0.064941,0.776611
17:05:47,0.604248,-0.152344,0.780273
17:05:47,0.617188,-0.206055,0.799316
17:05:47,0.641113,-0.236816,0.77124
17:05:47,0.687744,-0.279053,0.689453
17:05:47,0.744629,-0.329834,0.78125
17:05:47,0.63623,-0.306641,0.981934
17:05:47,0.413086,-0.214111,1.184326
17:05:47,0.241699,-0.129639,1.201172
17:05:47,0.177734,-0.0896,1.056396
17:05:47,0.149414,-0.116943,1.01001
17:05:47,0.119629,-0.095459,1.039795
17:05:47,0.049805,0.009766,0.974121
17:05:47,-0.191895,0.043457,0.791016
17:05:47,-0.083496,-0.053955,0.932617
17:05:47,0.943848,-0.225098,1.344482
17:05:47,2.009033,-0.273926,1.180664
17:05:47,2.523193,-0.25293,1.006348
17:05:47,2.998291,-0.263672,1.010986
17:05:47,3.301758,-0.192871,1.628418
17:05:47,3.01001,-0.00415,2.12207
17:05:47,3.045898,0.291748,2.351563
17:05:47,2.361328,0.782227,0.680664
17:05:47,3.378662,1.308838,1.547363
17:05:47,2.690674,1.656982,1.981445
17:05:47,1.159912,1.300537,0.969727
17:05:47,0.065674,0.785156,0.827148
17:05:47,-0.730713,0.481934,1.133789
17:05:47,-1.060059,0.302979,1.687256
17:05:47,-0.695557,0.13916,1.991455
17:05:47,-0.035889,0.147949,1.422852
17:05:47,0.689209,0.27832,0.747314
17:05:47,1.347656,0.429443,0.465576
17:05:47,1.589355,0.405273,0.306152
17:05:47,1.251953,0.201416,0.209961
17:05:47,0.756592,0.024414,0.351807
17:05:47,0.390381,-0.116455,0.584473
17:05:47,0.292725,-0.213135,0.731689
17:05:47,0.490479,-0.269043,0.746338
17:05:47,0.849121,-0.314209,0.716064
17:05:47,1.207031,-0.350586,0.707275
17:05:47,1.412598,-0.39624,0.7146
17:05:47,1.453125,-0.373535,0.770752
17:05:47,1.39209,-0.240234,0.801758
17:05:47,1.367676,-0.060303,0.874756
17:05:47,1.527588,0.101563,1.051025
17:05:47,1.790527,0.255127,1.126465
17:05:47,2.098389,0.420166,1.099854
17:05:47,2.348877,0.534424,1.000977
17:05:47,2.525391,0.521973,0.830566
17:05:47,2.765381,0.406494,0.673828
17:05:47,2.968018,0.286621,0.375488
17:05:47,3.141846,0.138428,-0.129395
17:05:47,3.249756,-0.155273,-0.609131
17:05:47,3.166016,-0.404053,-1.13623
17:05:47,2.887451,-0.469971,-1.687744
17:05:47,2.539063,-0.435059,-2.037598
17:05:47,2.255859,-0.366943,-2.233643
17:05:47,2.041748,-0.349365,-2.529785
17:05:47,2.278809,-0.459717,-2.824951
17:05:47,2.595459,-0.759521,-2.46582
17:05:47,1.885986,-0.65332,-2.3396
17:05:47,1.831543,-0.299805,-0.893311
17:05:47,1.127197,-0.181152,2.993408
17:05:47,-1.556641,-1.043213,4.189941
17:05:47,-1.901855,-0.998047,2.457764
17:05:47,0.19043,-0.393799,1.363281
17:05:47,2.135254,-0.457275,0.352051
17:05:47,2.801514,-0.483398,-0.897217
17:05:47,2.514404,-0.316895,0.044922
17:05:47,2.281738,0.17749,1.364258
17:05:47,1.701416,0.890869,0.248535
17:05:47,1.593994,1.299561,-0.12793
17:05:47,1.329834,1.417969,0.57373
17:05:47,0.874512,1.443848,0.751221
17:05:47,0.690918,1.044434,0.918945
17:05:47,0.307861,0.48877,0.427734
17:05:48,0.311768,0.205078,0.500977
17:05:48,0.513916,0.007324,0.876221
17:05:48,0.656006,-0.211914,0.80835
17:05:48,0.755859,-0.387207,0.541504
17:05:48,0.843506,-0.607422,0.639404
17:05:48,0.803223,-0.786865,0.791992
17:05:48,0.688721,-0.870117,0.762695
17:05:48,0.565918,-0.886475,0.844727
17:05:48,0.470947,-0.794189,0.907715
17:05:48,0.506592,-0.567627,0.865479
17:05:48,0.60083,-0.347656,0.781982
17:05:48,0.662354,-0.128418,0.765381
17:05:48,0.685547,0.043701,0.672852
17:05:48,0.690674,0.175781,0.620117
17:05:48,0.684082,0.282471,0.631348
17:05:48,0.650635,0.352051,0.651611
17:05:48,0.588379,0.370361,0.651123
17:05:48,0.53833,0.299316,0.67749
17:05:48,0.52124,0.175049,0.724609
17:05:48,0.544189,0.039063,0.738281
17:05:48,0.615479,-0.08667,0.737549
17:05:48,0.679932,-0.194336,0.718506
17:05:48,0.693359,-0.286377,0.707275
17:05:48,0.685547,-0.33667,0.750488
17:05:48,0.656494,-0.337402,0.763428
17:05:48,0.614014,-0.245605,0.759033
17:05:48,0.606445,-0.111572,0.774902
17:05:48,0.611328,-0.008301,0.69043
17:05:48,0.631348,0.000488,0.622559
17:05:48,0.661621,-0.044922,0.703125
17:05:48,0.67041,-0.138672,0.77124
17:05:48,0.636963,-0.20874,0.767334
17:05:48,0.609619,-0.234863,0.797363
17:05:48,0.655518,-0.234375,0.797363
17:05:48,0.657715,-0.235596,0.749512
17:05:48,0.635254,-0.205566,0.800293
17:05:48,0.538086,-0.204102,0.882813
17:05:48,0.432617,-0.189697,1.020264
17:05:48,0.318115,-0.190918,1.116943
17:05:48,0.270264,-0.165283,1.024902
17:05:48,0.241211,-0.13623,0.922363
17:05:48,0.297363,-0.177246,0.885742
17:05:48,0.37207,-0.178955,0.924316
17:05:48,0.3396,-0.109131,0.871338
17:05:48,0.316162,-0.086182,0.770508
17:05:48,0.566162,-0.218994,0.790771
17:05:48,0.593994,-0.242188,1.136475
17:05:48,1.36792,-0.138672,1.72998
17:05:48,2.515381,-0.276611,1.505127
17:05:48,2.985596,-0.487061,0.943848
17:05:48,3.411377,-0.586914,1.500977
17:05:48,3.431396,-0.358643,2.282715
17:05:48,2.552979,0.454834,1.564209
17:05:48,1.952148,1.17041,0.466553
17:05:48,2.748291,1.674805,1.601074
17:05:48,2.215332,1.833984,2.030518
17:05:48,0.77417,1.212402,0.765869
17:05:48,-0.04834,0.791016,0.969238
17:05:48,-0.516357,0.595947,1.475342
17:05:48,-0.608398,0.392822,1.754883
17:05:48,-0.174316,0.242432,1.627686
17:05:48,0.403809,0.250732,1.081787
17:05:48,0.919189,0.311523,0.63916
17:05:48,1.196533,0.289551,0.462158
17:05:48,1.101318,0.174561,0.43042
17:05:48,0.807373,0.075684,0.506836
17:05:48,0.574707,0.032471,0.63623
17:05:48,0.506104,0.036865,0.68457
17:05:48,0.636963,0.081299,0.604736
17:05:48,0.835938,0.109863,0.559082
17:05:48,0.95874,0.104004,0.491943
17:05:48,1.023438,0.085693,0.493164
17:05:48,1.070801,0.007568,0.660889
17:05:48,1.165283,-0.070313,0.787598
17:05:48,1.370361,-0.080811,0.820801
17:05:48,1.600098,-0.050293,0.791748
17:05:48,1.737793,0.019043,0.699707
17:05:48,1.755127,0.186768,0.666504
17:05:48,1.666992,0.376465,0.72583
17:05:48,1.647705,0.46167,0.845215
17:05:48,1.892578,0.393066,0.958008
17:05:48,2.384277,0.185791,0.9375
17:05:48,2.93457,0.065186,0.672607
17:05:48,3.267822,0.113281,0.074219
17:05:48,3.444336,0.152344,-0.464111
17:05:48,3.423584,0.016602,-0.939941
17:05:48,3.07959,-0.199463,-1.353271
17:05:48,2.580566,-0.334717,-1.75
17:05:48,2.163574,-0.418701,-1.961426
17:05:48,2.058594,-0.503662,-2.094971
17:05:48,2.093994,-0.515869,-2.406982
17:05:48,2.213135,-0.617188,-2.465088
17:05:48,2.265625,-0.756592,-2.079834
17:05:48,2.238037,-0.783447,-1.551514
17:05:48,2.047119,-0.645996,-0.843994
17:05:48,2.453857,-0.150391,0.924316
17:05:48,1.202393,0.487305,3.09082
17:05:48,-2.5,-0.640137,1.578613
17:05:48,-4.464844,-1.051758,1.266113
17:05:49,-1.630371,-0.548584,3.025635
17:05:49,0.299561,-0.05127,1.619385
17:05:49,1.669434,-0.201172,-0.210693
17:05:49,4.485107,-0.452148,-0.407959
17:05:49,4.537109,-0.015869,-1.193848
17:05:49,3.012207,0.736328,-0.537354
17:05:49,1.935791,0.95166,0.567627
17:05:49,0.812256,0.94165,0.295166
17:05:49,0.367432,1.096436,0.756104
17:05:49,0.041504,1.059082,1.452393
17:05:49,-0.151367,0.863037,1.166992
17:05:49,-0.013916,0.579834,0.571777
17:05:49,0.381104,0.374023,0.637939
17:05:49,0.722412,0.271484,0.624023
17:05:49,0.976318,0.149414,0.544434
17:05:49,1.081055,0.000488,0.499268
17:05:49,1.029541,-0.197021,0.478271
17:05:49,0.878418,-0.354492,0.616699
17:05:49,0.695801,-0.48291,0.746582
17:05:49,0.508057,-0.583008,0.816895
17:05:49,0.4375,-0.655518,0.905273
17:05:49,0.479248,-0.661621,0.954102
17:05:49,0.548584,-0.538574,0.88916
17:05:49,0.668945,-0.36377,0.76709
17:05:49,0.744629,-0.181152,0.710938
17:05:49,0.740723,-0.020752,0.683838
17:05:49,0.727539,0.09668,0.617432
17:05:49,0.693848,0.184082,0.625244
17:05:49,0.617676,0.236816,0.662354
17:05:49,0.566895,0.218506,0.682129
17:05:49,0.552979,0.141602,0.700928
17:05:49,0.577393,0.026855,0.692627
17:05:49,0.661377,-0.107178,0.697021
17:05:49,0.739014,-0.199951,0.696289
17:05:49,0.757568,-0.246094,0.6875
17:05:49,0.749756,-0.246582,0.67627
17:05:49,0.708252,-0.192139,0.681641
17:05:49,0.648682,-0.132813,0.715332
17:05:49,0.641602,-0.087891,0.716553
17:05:49,0.65625,-0.043945,0.693115
17:05:49,0.665527,-0.02832,0.693359
17:05:49,0.692627,-0.05957,0.725586
17:05:49,0.685059,-0.107666,0.743408
17:05:49,0.664795,-0.125244,0.768555
17:05:49,0.633301,-0.109619,0.770752
17:05:49,0.599121,-0.127197,0.796875
17:05:49,0.539795,-0.148193,0.784424
17:05:49,0.511719,-0.225586,0.85376
17:05:49,0.466797,-0.282959,0.989502
17:05:49,0.422607,-0.312256,1.124756
17:05:49,0.423096,-0.285645,0.999023
17:05:49,0.407715,-0.229492,0.842773
17:05:49,0.21875,-0.150635,0.78833
17:05:49,0.151855,-0.12915,0.874756
17:05:49,-0.28418,-0.071777,0.987305
17:05:49,0.642334,-0.249268,1.238281
17:05:49,0.935303,-0.421631,0.791016
17:05:49,0.970459,-0.252441,1.305908
17:05:49,1.841309,-0.268555,2.249268
17:05:49,2.139404,-0.294189,1.7229
17:05:49,2.533936,-0.24707,1.001221
17:05:49,3.101318,-0.348633,1.53418
17:05:49,3.638672,-0.043457,2.248779
17:05:49,2.753418,0.598633,0.733887
17:05:49,2.325439,1.174072,0.645264
17:05:49,2.938965,1.650879,2.497559
17:05:49,1.835693,1.56543,1.683105
17:05:49,0.550781,1.069336,0.650635
17:05:49,-0.130859,0.833496,1.031738
17:05:49,-0.620605,0.748047,1.289307
17:05:49,-0.621582,0.722168,1.445801
17:05:49,-0.031494,0.7229,1.20459
17:05:49,0.597656,0.758301,0.579834
17:05:49,0.962891,0.761963,0.221191
17:05:49,1.001709,0.675049,0.222412
17:05:49,0.724609,0.45166,0.32666
17:05:49,0.433594,0.233398,0.430664
17:05:49,0.3125,0.091553,0.53418
17:05:49,0.443848,0.033691,0.715088
17:05:49,0.659912,-0.012207,0.676758
17:05:49,0.906738,-0.025146,0.639404
17:05:49,1.203125,-0.074951,0.683838
17:05:49,1.352051,-0.175781,0.651611
17:05:49,1.4375,-0.277588,0.720215
17:05:49,1.47583,-0.333252,0.815918
17:05:49,1.488525,-0.310791,0.820801
17:05:49,1.599365,-0.167725,0.811279
17:05:49,1.708984,0.062012,0.803223
17:05:49,1.861328,0.321289,0.842529
17:05:49,2.101563,0.5896,0.936035
17:05:49,2.44458,0.841064,0.926025
17:05:49,2.822754,0.994873,0.666504
17:05:49,3.076904,1.056152,0.179688
17:05:49,3.084229,1.008057,-0.238281
17:05:49,2.909424,0.694336,-0.425049
17:05:49,2.703125,0.15625,-0.624756
17:05:49,2.549805,-0.387451,-0.931152
17:05:49,2.574707,-0.784668,-1.29541
17:05:49,2.696777,-0.900146,-1.902588
17:05:49,2.732666,-0.952881,-2.568359
17:05:49,2.670898,-1.150146,-2.890869
17:05:50,2.221924,-1.020996,-3.020752
17:05:50,1.87915,-0.800537,-2.126953
17:05:50,2.002441,-0.637207,-1.057373
17:05:50,2.325439,-0.422363,-0.69043
17:05:50,2.610352,-0.092041,0.589355
17:05:50,2.165283,0.890869,4.314941
17:05:50,-2.170898,0.227783,2.584717
17:05:50,-7.594727,-0.803955,-2.238281
17:05:50,-1.801514,0.026611,4.310791
17:05:50,0.037354,0.069092,2.661377
17:05:50,0.376465,-0.01709,-0.034668
17:05:50,3.089111,-0.322998,-0.823975
17:05:50,5.399902,-0.197754,-1.389404
17:05:50,4.856689,0.740234,-0.967285
17:05:50,2.884033,0.989014,-0.015869
17:05:50,1.361328,0.842529,0.295166
17:05:50,0.733643,0.793945,0.845947
17:05:50,0.358643,0.671875,1.453857
17:05:50,-0.020264,0.414795,1.311523
17:05:50,-0.135742,0.210205,0.698486
17:05:50,0.04541,0.075928,0.598145
17:05:50,0.326416,-0.012451,0.904297
17:05:50,0.643311,-0.071777,0.939697
17:05:50,0.906738,-0.189209,0.75
17:05:50,1.046875,-0.290771,0.505615
17:05:50,1.118652,-0.38501,0.539551
17:05:50,0.940918,-0.453369,0.672119
17:05:50,0.669922,-0.46582,0.76123
17:05:50,0.498535,-0.476563,0.884033
17:05:50,0.422607,-0.378906,0.893311
17:05:50,0.447754,-0.256104,0.864258
17:05:50,0.550049,-0.151611,0.783447
17:05:50,0.667725,-0.0354,0.71167
17:05:50,0.737061,0.035156,0.669189
17:05:50,0.765625,0.108398,0.625244
17:05:50,0.738037,0.154297,0.623047
17:05:50,0.681396,0.157471,0.665039
17:05:50,0.604492,0.14917,0.713867
17:05:50,0.563965,0.081787,0.721191
17:05:50,0.568604,0.007813,0.705811
17:05:50,0.606934,-0.083496,0.700439
17:05:50,0.667236,-0.153809,0.718994
17:05:50,0.726807,-0.208984,0.697266
17:05:50,0.731445,-0.22876,0.6875
17:05:50,0.701904,-0.190674,0.675049
17:05:50,0.669922,-0.160156,0.673096
17:05:50,0.632813,-0.145508,0.718262
17:05:50,0.627686,-0.136719,0.733154
17:05:50,0.646484,-0.144531,0.70874
17:05:50,0.669189,-0.169189,0.699219
17:05:50,0.705322,-0.205322,0.708252
17:05:50,0.726074,-0.226074,0.721191
17:05:50,0.711182,-0.211182,0.758057
17:05:50,0.675293,-0.169434,0.813477
17:05:50,0.605957,-0.124268,0.799561
17:05:50,0.497314,-0.103271,0.79248
17:05:50,0.435547,-0.117676,0.924805
17:05:50,0.384033,-0.140869,1.081543
17:05:50,0.292969,-0.094727,1.080078
17:05:50,0.238281,-0.016357,0.919922
17:05:50,0.200195,0.036865,0.789307
17:05:50,0.197266,0.04834,0.847412
17:05:50,0.133301,0.062256,0.876465
17:05:50,0.638184,0.036377,0.922119
17:05:50,1.273682,-0.271729,0.855469
17:05:50,0.422852,-0.148926,0.586426
17:05:50,1.472412,-0.200195,1.910156
17:05:50,2.177002,-0.263672,2.023926
17:05:50,2.393311,-0.451904,1.17334
17:05:50,2.877197,-0.548828,1.017822
17:05:50,3.316895,-0.900879,2.224609
17:05:50,2.686768,-0.291992,2.004395
17:05:50,1.70166,0.492432,0.600586
17:05:50,3.033936,0.992432,1.695801
17:05:50,3.055176,1.196289,1.947266
17:05:50,1.449219,0.98584,0.98584
17:05:50,0.420898,0.661621,0.985352
17:05:50,-0.19043,0.470703,1.360596
17:05:50,-0.489258,0.363281,1.53125
17:05:50,-0.275146,0.334717,1.37793
17:05:50,0.282715,0.420898,0.941162
17:05:50,0.760254,0.514893,0.524902
17:05:50,0.977539,0.482178,0.335449
17:05:50,0.87207,0.32251,0.366943
17:05:50,0.627441,0.10083,0.497559
17:05:50,0.471436,-0.070068,0.557617
17:05:50,0.467041,-0.213135,0.650879
17:05:50,0.631104,-0.315186,0.680176
17:05:50,0.77124,-0.32959,0.55249
17:05:50,0.816406,-0.307373,0.452881
17:05:50,0.813477,-0.264893,0.56958
17:05:50,0.846191,-0.297852,0.626953
17:05:50,1.035645,-0.359131,0.74585
17:05:50,1.30249,-0.308838,0.799316
17:05:50,1.49292,-0.166504,0.718018
17:05:50,1.596924,-0.01416,0.630615
17:05:50,1.63208,0.105713,0.636719
17:05:50,1.663086,0.238037,0.736816
17:05:50,1.759521,0.45874,0.828613
17:05:50,1.913818,0.736572,0.789795
